[
{
    "model": "web.coursecategory",
    "pk": 1,
    "fields": {
        "category_name": "Drawing",
        "category_url": "drawing",
        "thumbnail_image": "Course_Category/Drawing_Course.jpg",
        "description": "The Drawing Course will show you how to create advanced art that will stand up as professional work. This Drawing course starts with the basics. You will get an in-depth understanding of the fundamentals of drawing."
    }
},
{
    "model": "web.courselevel",
    "pk": 1,
    "fields": {
        "name": "Beginner",
        "url": "beginner"
    }
},
{
    "model": "web.courselevel",
    "pk": 2,
    "fields": {
        "name": "Intermediate",
        "url": "intermediate"
    }
},
{
    "model": "web.courselevel",
    "pk": 3,
    "fields": {
        "name": "Expert",
        "url": "expert"
    }
},
{
    "model": "web.course",
    "pk": 1,
    "fields": {
        "course_title": "03. How to draw Flowers",
        "course_url": "how-to-draw-flowers",
        "thumbnail_image": "Courses/07.jpg",
        "course_category": 1,
        "course_level": 1,
        "description": "Labore et dolore magna aliqua. Ut enim ad minim veniam, quis nostrud exercitation ullamco laboris nisi ut aliquip ex ea commodo."
    }
},
{
    "model": "web.course",
    "pk": 2,
    "fields": {
        "course_title": "02. Draw With Basic Shapes",
        "course_url": "how-to-draw-with-basic-shapes",
        "thumbnail_image": "Courses/08.jpg",
        "course_category": 1,
        "course_level": 1,
        "description": "Labore et dolore magna aliqua. Ut enim ad minim veniam, quis nostrud exercitation ullamco laboris nisi ut aliquip ex ea commodo."
    }
},
{
    "model": "web.course",
    "pk": 3,
    "fields": {
        "course_title": "01. Warm Ups",
        "course_url": "warm-ups",
        "thumbnail_image": "Courses/11.jpg",
        "course_category": 1,
        "course_level": 1,
        "description": "Labore et dolore magna aliqua. Ut enim ad minim veniam, quis nostrud exercitation ullamco laboris nisi ut aliquip ex ea commodo."
    }
},
{
    "model": "web.course",
    "pk": 5,
    "fields": {
        "course_title": "04. Draw Vegetables",
        "course_url": "how-to-draw-vegetables",
        "thumbnail_image": "Courses/03.jpg",
        "course_category": 1,
        "course_level": 1,
        "description": "Labore et dolore magna aliqua. Ut enim ad minim veniam, quis nostrud exercitation ullamco laboris nisi ut aliquip ex ea commodo."
    }
},
{
    "model": "web.course",
    "pk": 6,
    "fields": {
        "course_title": "05. How to draw Fruits",
        "course_url": "how-to-draw-fruits",
        "thumbnail_image": "Courses/02.jpg",
        "course_category": 1,
        "course_level": 1,
        "description": "Labore et dolore magna aliqua. Ut enim ad minim veniam, quis nostrud exercitation ullamco laboris nisi ut aliquip ex ea commodo."
    }
},
{
    "model": "web.course",
    "pk": 7,
    "fields": {
        "course_title": "06. How to draw Birds",
        "course_url": "how-to-draw-birds",
        "thumbnail_image": "Courses/06.jpg",
        "course_category": 1,
        "course_level": 1,
        "description": "Labore et dolore magna aliqua. Ut enim ad minim veniam, quis nostrud exercitation ullamco laboris nisi ut aliquip ex ea commodo."
    }
},
{
    "model": "web.course",
    "pk": 9,
    "fields": {
        "course_title": "08. Draw Daily Things",
        "course_url": "how-to-draw-daily-things",
        "thumbnail_image": "Courses/10.jpg",
        "course_category": 1,
        "course_level": 1,
        "description": "Labore et dolore magna aliqua. Ut enim ad minim veniam, quis nostrud exercitation ullamco laboris nisi ut aliquip ex ea commodo."
    }
},
{
    "model": "web.course",
    "pk": 19,
    "fields": {
        "course_title": "07. How to draw Animals",
        "course_url": "How-to-draw-Animals",
        "thumbnail_image": "Courses/14.jpg",
        "course_category": 1,
        "course_level": 1,
        "description": ""
    }
},
{
    "model": "web.course",
    "pk": 20,
    "fields": {
        "course_title": "09. Draw Object With Numbers",
        "course_url": "Draw-Object-With-Numbers",
        "thumbnail_image": "Courses/23.jpg",
        "course_category": 1,
        "course_level": 1,
        "description": ""
    }
},
{
    "model": "web.course",
    "pk": 21,
    "fields": {
        "course_title": "10.Draw Object With Letters",
        "course_url": "Draw-Object-With-Letters",
        "thumbnail_image": "Courses/21.jpg",
        "course_category": 1,
        "course_level": 1,
        "description": ""
    }
},
{
    "model": "web.course",
    "pk": 22,
    "fields": {
        "course_title": "11.Object with Bengali Number",
        "course_url": "Draw-Object-With-Bengali-Numbers",
        "thumbnail_image": "Courses/05.jpg",
        "course_category": 1,
        "course_level": 1,
        "description": ""
    }
},
{
    "model": "web.course",
    "pk": 23,
    "fields": {
        "course_title": "12.Cartoon With Basic Shapes",
        "course_url": "Draw-Cartoon-Figure-With-Basic-Shapes",
        "thumbnail_image": "Courses/09_1qXxNSq.jpg",
        "course_category": 1,
        "course_level": 1,
        "description": ""
    }
},
{
    "model": "web.course",
    "pk": 24,
    "fields": {
        "course_title": "13.Draw Nature With Basic",
        "course_url": "Draw-Nature-With-Basic-Shapes",
        "thumbnail_image": "Courses/13.jpg",
        "course_category": 1,
        "course_level": 2,
        "description": ""
    }
},
{
    "model": "web.course",
    "pk": 25,
    "fields": {
        "course_title": "14.Basic Human Figures",
        "course_url": "Basic-Human-Figures",
        "thumbnail_image": "Courses/20.jpg",
        "course_category": 1,
        "course_level": 2,
        "description": ""
    }
},
{
    "model": "web.singlevideo",
    "pk": 2,
    "fields": {
        "video_title": "How To Draw a Sun Flower",
        "video_url": "how-to-draw-a-sun-flower",
        "video_link": "https://www.youtube.com/embed/iYiFoL7hIlo",
        "course_name": 1,
        "is_public": true,
        "upload_time": "2018-03-22T03:11:54.302Z"
    }
},
{
    "model": "web.singlevideo",
    "pk": 3,
    "fields": {
        "video_title": "How To Draw a Snow man",
        "video_url": "how-to-draw-a-snow-man",
        "video_link": "https://www.youtube.com/embed/jRyLakJ-Hu0",
        "course_name": 2,
        "is_public": true,
        "upload_time": "2018-03-22T03:12:40.416Z"
    }
},
{
    "model": "web.singlevideo",
    "pk": 4,
    "fields": {
        "video_title": "How To Draw Watermelon",
        "video_url": "how-to-draw-watermelon",
        "video_link": "https://www.youtube.com/embed/OuvT8Z_Emug",
        "course_name": 6,
        "is_public": true,
        "upload_time": "2018-03-22T05:32:36.502Z"
    }
},
{
    "model": "web.singlevideo",
    "pk": 5,
    "fields": {
        "video_title": "Drawing Technique For Beginners",
        "video_url": "Drawing-technique-for-beginners",
        "video_link": "https://www.youtube.com/embed/60n3W-uCxw4",
        "course_name": 3,
        "is_public": true,
        "upload_time": "2018-04-10T11:50:19.741Z"
    }
},
{
    "model": "web.singlevideo",
    "pk": 6,
    "fields": {
        "video_title": "Hatching Technique for Beginners Lesson-1",
        "video_url": "Hatching-technique-for-beginners-lesson-1",
        "video_link": "https://www.youtube.com/embed/clmxaWdfDvo",
        "course_name": 3,
        "is_public": true,
        "upload_time": "2018-04-10T11:51:28.007Z"
    }
},
{
    "model": "web.singlevideo",
    "pk": 7,
    "fields": {
        "video_title": "Hatching Technique for Beginners Lesson-2",
        "video_url": "Hatching-Technique-for-Beginners-Lesson-1",
        "video_link": "https://www.youtube.com/embed/h0oBMayrUOI",
        "course_name": 3,
        "is_public": true,
        "upload_time": "2018-04-10T11:58:25.452Z"
    }
},
{
    "model": "web.singlevideo",
    "pk": 8,
    "fields": {
        "video_title": "How To Draw Doraemon",
        "video_url": "How-to-draw-Doraemon",
        "video_link": "https://www.youtube.com/embed/GhaSiSQGoAo",
        "course_name": 23,
        "is_public": true,
        "upload_time": "2018-04-10T12:08:48.461Z"
    }
},
{
    "model": "web.singlevideo",
    "pk": 9,
    "fields": {
        "video_title": "How to draw a cartoon character",
        "video_url": "How-to-draw-a-cartoon-character",
        "video_link": "https://www.youtube.com/embed/ZMQnr374FVI",
        "course_name": 23,
        "is_public": true,
        "upload_time": "2018-04-10T12:10:57.571Z"
    }
},
{
    "model": "web.singlevideo",
    "pk": 10,
    "fields": {
        "video_title": "How To Draw Grapes",
        "video_url": "How-To-Draw-Grapes",
        "video_link": "https://www.youtube.com/embed/PPicG0a9uG4",
        "course_name": 6,
        "is_public": true,
        "upload_time": "2018-04-10T12:20:08.472Z"
    }
},
{
    "model": "web.singlevideo",
    "pk": 11,
    "fields": {
        "video_title": "How To Draw an Apple",
        "video_url": "How-To-Draw-an-Apple",
        "video_link": "https://www.youtube.com/embed/jVizozomEhk",
        "course_name": 6,
        "is_public": true,
        "upload_time": "2018-04-10T12:22:24.098Z"
    }
},
{
    "model": "web.singlevideo",
    "pk": 12,
    "fields": {
        "video_title": "How To Draw a Mango",
        "video_url": "How-To-Draw-a-Mango",
        "video_link": "https://www.youtube.com/embed/QwVkwEHUMvU",
        "course_name": 6,
        "is_public": true,
        "upload_time": "2018-04-10T12:24:23.453Z"
    }
},
{
    "model": "web.singlevideo",
    "pk": 13,
    "fields": {
        "video_title": "How To Draw Pumpkin",
        "video_url": "How-To-Draw-Pumpkin",
        "video_link": "https://www.youtube.com/embed/km7RnN7Ssbk",
        "course_name": 5,
        "is_public": true,
        "upload_time": "2018-04-10T12:28:24.396Z"
    }
},
{
    "model": "web.singlevideo",
    "pk": 14,
    "fields": {
        "video_title": "How To Draw Carrot",
        "video_url": "How-To-Draw-Carrot",
        "video_link": "https://www.youtube.com/embed/MYUOI_Jc-5k",
        "course_name": 5,
        "is_public": true,
        "upload_time": "2018-04-10T12:31:31.567Z"
    }
},
{
    "model": "web.singlevideo",
    "pk": 15,
    "fields": {
        "video_title": "How To Draw a Kingfisher",
        "video_url": "How-To-Draw-a-Kingfisher",
        "video_link": "https://www.youtube.com/embed/DbDTiG3a83c",
        "course_name": 7,
        "is_public": true,
        "upload_time": "2018-04-10T12:38:00.317Z"
    }
},
{
    "model": "web.singlevideo",
    "pk": 16,
    "fields": {
        "video_title": "How To Draw Tree",
        "video_url": "How-To-Draw-Tree",
        "video_link": "https://www.youtube.com/embed/oaUo9EoMRO4",
        "course_name": 2,
        "is_public": true,
        "upload_time": "2018-04-10T12:55:35.148Z"
    }
},
{
    "model": "web.singlevideo",
    "pk": 17,
    "fields": {
        "video_title": "How To Draw a Fish",
        "video_url": "How-To-Draw-a-Fish",
        "video_link": "https://www.youtube.com/embed/AptjvevTj10",
        "course_name": 9,
        "is_public": true,
        "upload_time": "2018-04-10T13:41:34.156Z"
    }
},
{
    "model": "web.singlevideo",
    "pk": 22,
    "fields": {
        "video_title": "How To Draw Brinjal",
        "video_url": "How-To-Draw-Brinjal",
        "video_link": "https://www.youtube.com/embed/4y-6_dEJ9NI",
        "course_name": 5,
        "is_public": false,
        "upload_time": "2018-05-01T09:28:24.238Z"
    }
},
{
    "model": "web.singlevideo",
    "pk": 23,
    "fields": {
        "video_title": "How to Draw a Helicopter",
        "video_url": "How-to-Draw-a-Helicopter",
        "video_link": "https://www.youtube.com/embed/ruM4Tk6ek44",
        "course_name": 9,
        "is_public": false,
        "upload_time": "2018-05-01T10:21:09.257Z"
    }
},
{
    "model": "web.singlevideo",
    "pk": 24,
    "fields": {
        "video_title": "How to draw Water Lily",
        "video_url": "How-to-draw-Water-Lily",
        "video_link": "https://www.youtube.com/embed/JO_DPyelJII",
        "course_name": 1,
        "is_public": false,
        "upload_time": "2018-05-01T10:46:19.009Z"
    }
},
{
    "model": "web.singlevideo",
    "pk": 25,
    "fields": {
        "video_title": "Draw Parrot using Bengali Number 7",
        "video_url": "Parrot-using-Bengali-Number-7",
        "video_link": "https://www.youtube.com/embed/eNxBRpHXEo0",
        "course_name": 22,
        "is_public": false,
        "upload_time": "2018-05-02T07:17:23.401Z"
    }
},
{
    "model": "web.singlevideo",
    "pk": 26,
    "fields": {
        "video_title": "Draw Garlic with Bengali Number 9",
        "video_url": "Garlic-with-Bengali-Number-9",
        "video_link": "https://www.youtube.com/embed/auDsqn9jLwE",
        "course_name": 22,
        "is_public": false,
        "upload_time": "2018-05-02T07:33:44.996Z"
    }
},
{
    "model": "web.singlevideo",
    "pk": 27,
    "fields": {
        "video_title": "How To Draw a Kite with Letter X",
        "video_url": "Draw-a-Kite-with-Letter-X",
        "video_link": "https://www.youtube.com/embed/BwopJSR-LUE",
        "course_name": 21,
        "is_public": false,
        "upload_time": "2018-05-02T07:50:57.477Z"
    }
},
{
    "model": "web.singlevideo",
    "pk": 28,
    "fields": {
        "video_title": "How To Draw Horse",
        "video_url": "How-To-Draw-Horse",
        "video_link": "https://www.youtube.com/embed/9isdkD0SpGQ",
        "course_name": 19,
        "is_public": false,
        "upload_time": "2018-05-02T08:25:31.692Z"
    }
},
{
    "model": "web.singlevideo",
    "pk": 29,
    "fields": {
        "video_title": "How To Draw Object with Letter W",
        "video_url": "Draw-Object-with-Letter-W",
        "video_link": "https://www.youtube.com/embed/npl282qpE9I",
        "course_name": 21,
        "is_public": false,
        "upload_time": "2018-05-02T08:59:49.029Z"
    }
},
{
    "model": "web.singlevideo",
    "pk": 30,
    "fields": {
        "video_title": "How To Draw Banana with Letter U",
        "video_url": "Draw-Banana-with-Letter-U",
        "video_link": "https://www.youtube.com/embed/9XcwxgTZgaI",
        "course_name": 21,
        "is_public": false,
        "upload_time": "2018-05-02T09:27:57.392Z"
    }
},
{
    "model": "web.singlevideo",
    "pk": 31,
    "fields": {
        "video_title": "How To Draw a Human Face 01",
        "video_url": "How-To-Draw-Human",
        "video_link": "https://www.youtube.com/embed/bIEM3l3F32Y",
        "course_name": 25,
        "is_public": false,
        "upload_time": "2018-05-03T04:17:16.449Z"
    }
},
{
    "model": "web.singlevideo",
    "pk": 32,
    "fields": {
        "video_title": "How to Draw a Human Face 02",
        "video_url": "Draw-a-Human-Face",
        "video_link": "https://www.youtube.com/embed/Rgh3Q2rLo6U",
        "course_name": 25,
        "is_public": false,
        "upload_time": "2018-05-03T04:17:59.435Z"
    }
},
{
    "model": "web.singlevideo",
    "pk": 33,
    "fields": {
        "video_title": "How to Draw Flower Pot",
        "video_url": "How-to-Draw-Flower-Pot",
        "video_link": "https://www.youtube.com/embed/dDsi34SRy5U",
        "course_name": 2,
        "is_public": false,
        "upload_time": "2018-05-05T08:35:47.077Z"
    }
},
{
    "model": "web.singlevideo",
    "pk": 34,
    "fields": {
        "video_title": "How to Draw Cup",
        "video_url": "How-to-Draw-Cup",
        "video_link": "https://www.youtube.com/embed/U5J82UOBeow",
        "course_name": 2,
        "is_public": false,
        "upload_time": "2018-05-05T08:38:38.578Z"
    }
},
{
    "model": "web.singlevideo",
    "pk": 35,
    "fields": {
        "video_title": "How to Draw Hilsa Fish",
        "video_url": "How-to-Draw-Hilsa-Fish",
        "video_link": "https://www.youtube.com/embed/m56tWOLzTUw",
        "course_name": 2,
        "is_public": false,
        "upload_time": "2018-05-05T08:40:01.424Z"
    }
},
{
    "model": "web.singlevideo",
    "pk": 36,
    "fields": {
        "video_title": "How to Draw Turnip",
        "video_url": "How-to-Draw-Turnip",
        "video_link": "https://www.youtube.com/embed/yZGrIKbMesM",
        "course_name": 2,
        "is_public": false,
        "upload_time": "2018-05-05T08:46:55.135Z"
    }
},
{
    "model": "web.singlevideo",
    "pk": 37,
    "fields": {
        "video_title": "How To Draw a Bus",
        "video_url": "How-To-Draw-Bus",
        "video_link": "https://www.youtube.com/embed/BSjOq-uG16o",
        "course_name": 2,
        "is_public": false,
        "upload_time": "2018-05-05T08:50:42.768Z"
    }
},
{
    "model": "web.singlevideo",
    "pk": 38,
    "fields": {
        "video_title": "How To Draw a Table",
        "video_url": "How-To-Draw-Table",
        "video_link": "https://www.youtube.com/embed/WFyXfPPT7YA",
        "course_name": 2,
        "is_public": false,
        "upload_time": "2018-05-05T08:51:54.711Z"
    }
},
{
    "model": "web.singlevideo",
    "pk": 39,
    "fields": {
        "video_title": "How To Draw a Chair",
        "video_url": "How-To-Draw-Chair",
        "video_link": "https://www.youtube.com/embed/-XDwsLelKwA",
        "course_name": 2,
        "is_public": false,
        "upload_time": "2018-05-05T08:53:08.321Z"
    }
},
{
    "model": "web.singlevideo",
    "pk": 40,
    "fields": {
        "video_title": "How To Draw Pen Holder",
        "video_url": "How-To-Draw-PenHolder",
        "video_link": "https://www.youtube.com/embed/y3HtcLuiEPc",
        "course_name": 2,
        "is_public": false,
        "upload_time": "2018-05-05T11:28:14.782Z"
    }
},
{
    "model": "web.singlevideo",
    "pk": 41,
    "fields": {
        "video_title": "How To Draw a book",
        "video_url": "How-To-Draw-book",
        "video_link": "https://www.youtube.com/embed/WE9Gah8aEtk",
        "course_name": 2,
        "is_public": false,
        "upload_time": "2018-05-05T11:29:36.420Z"
    }
},
{
    "model": "web.singlevideo",
    "pk": 42,
    "fields": {
        "video_title": "Draw winter season in Bangladesh",
        "video_url": "Draw-winter-season-in-Bangladesh",
        "video_link": "https://www.youtube.com/embed/r5NL6NG1lSs",
        "course_name": 24,
        "is_public": false,
        "upload_time": "2018-05-05T11:31:22.017Z"
    }
},
{
    "model": "web.aboutus",
    "pk": 1,
    "fields": {
        "our_journey": "TAKDHUM is a video-based online classroom where students develop creativity and confidence through our multi-level art instruction program.\r\n\r\nWe offer video lessons that can be taken anytime, anywhere- via laptop, tablet or smart phone. Each program meets the Standards for Arts Education.",
        "our_history_and_passions": "Educate and Entertain Children and Young Adults and add good value to their life.",
        "about_image": "About us/about_ehzAftJ.png"
    }
},
{
    "model": "web.basic_info",
    "pk": 1,
    "fields": {
        "name": "Takdhum.com",
        "slogan": "Best online art school in bangladesh",
        "logo": "About us/TAKDHUM-logo.png",
        "phone_1": "+8801714016515",
        "phone_2": null,
        "email": "info@takdhum.com",
        "office_address": "Hourse 540/1, Road-8, West Nakhalpara, Dhaka, Bangladesh",
        "promo_video": "https://www.youtube.com/watch?v=yJEE7OxqiaQ",
        "google_map_link": null,
        "facebook_link": "https://www.facebook.com/takdhumschool",
        "google_plus_link": "https://plus.google.com/u/0/106452463211236328637",
        "youtube_link": "https://www.youtube.com/channel/UCiqB9qGa6IiNIO-F6m7Tsmw/featured"
    }
},
{
    "model": "web.slider",
    "pk": 2,
    "fields": {
        "small_text": "BEST ONLINE LEARNING SYSTEM",
        "big_text": "TAKDHUM Online Arts School",
        "paragraph": "Learn Anywhere Anytime",
        "slide_image": "Slider_Image/Takdhum-banner_NkYCna2.png"
    }
},
{
    "model": "web.faq",
    "pk": 1,
    "fields": {
        "question": "Which text editor is perfect for android development?",
        "answer": "Lorem ipsum dolor sit amet, consectetur adipiscing elit. Praesent a urna in nunc auctor faucibus vitae et dui. Suspendisse iaculis, tellus non volutpat volutpat, felis dolor faucibus felis, at iaculis est sem eu dui. Vivamus erat quam, ultrices eu accumsan non, imperdiet vitae nunc. Ut ultrices volutpat mollis.",
        "date_and_time": "2018-03-18T04:48:07.383Z"
    }
},
{
    "model": "web.faq",
    "pk": 2,
    "fields": {
        "question": "How can I start my freelance carrier?",
        "answer": "Lorem ipsum dolor sit amet, consectetur adipiscing elit. Praesent a urna in nunc auctor faucibus vitae et dui. Suspendisse iaculis, tellus non volutpat volutpat, felis dolor faucibus felis, at iaculis est sem eu dui. Vivamus erat quam, ultrices eu accumsan non, imperdiet vitae nunc. Ut ultrices volutpat mollis.",
        "date_and_time": "2018-03-18T04:48:21.367Z"
    }
},
{
    "model": "web.faq",
    "pk": 3,
    "fields": {
        "question": "Is EUNIV is a perfect theme for creating an online learning site?",
        "answer": "Lorem ipsum dolor sit amet, consectetur adipiscing elit. Praesent a urna in nunc auctor faucibus vitae et dui. Suspendisse iaculis, tellus non volutpat volutpat, felis dolor faucibus felis, at iaculis est sem eu dui. Vivamus erat quam, ultrices eu accumsan non, imperdiet vitae nunc. Ut ultrices volutpat mollis.",
        "date_and_time": "2018-03-18T04:48:34.482Z"
    }
},
{
    "model": "web.faq",
    "pk": 4,
    "fields": {
        "question": "Is there any course related to digital marketing?",
        "answer": "Lorem ipsum dolor sit amet, consectetur adipiscing elit. Praesent a urna in nunc auctor faucibus vitae et dui. Suspendisse iaculis, tellus non volutpat volutpat, felis dolor faucibus felis, at iaculis est sem eu dui. Vivamus erat quam, ultrices eu accumsan non, imperdiet vitae nunc. Ut ultrices volutpat mollis.",
        "date_and_time": "2018-03-18T04:48:50.968Z"
    }
},
{
    "model": "web.faq",
    "pk": 5,
    "fields": {
        "question": "What is the minimum requirement to submit a theme in Marketplace?",
        "answer": "Lorem ipsum dolor sit amet, consectetur adipiscing elit. Praesent a urna in nunc auctor faucibus vitae et dui. Suspendisse iaculis, tellus non volutpat volutpat, felis dolor faucibus felis, at iaculis est sem eu dui. Vivamus erat quam, ultrices eu accumsan non, imperdiet vitae nunc. Ut ultrices volutpat mollis.",
        "date_and_time": "2018-03-18T04:49:03.148Z"
    }
},
{
    "model": "web.faq",
    "pk": 6,
    "fields": {
        "question": "5 common things every WordPress developer should know.",
        "answer": "Lorem ipsum dolor sit amet, consectetur adipiscing elit. Praesent a urna in nunc auctor faucibus vitae et dui. Suspendisse iaculis, tellus non volutpat volutpat, felis dolor faucibus felis, at iaculis est sem eu dui. Vivamus erat quam, ultrices eu accumsan non, imperdiet vitae nunc. Ut ultrices volutpat mollis.",
        "date_and_time": "2018-03-18T04:49:14.499Z"
    }
},
{
    "model": "web.event",
    "pk": 1,
    "fields": {
        "title": "School Campaign 1",
        "description": "School Campaign",
        "date": "15",
        "month": "April",
        "start_and_end_time": "10.00 am - 12.00 pm",
        "location": "Dhaka",
        "image": "Events/IMG_0745_NDEfmgA.JPG",
        "gallery_image1": "Gallery/events/img_mountains_wide_atScjPI.jpg",
        "gallery_image2": "",
        "gallery_image3": "",
        "gallery_image4": "",
        "gallery_image5": "",
        "gallery_image6": "",
        "gallery_image7": "",
        "gallery_image8": "",
        "gallery_image9": "",
        "gallery_image10": "",
        "gallery_image11": "",
        "gallery_image12": "",
        "upload_time": "2018-03-20T08:37:25.500Z",
        "update_time": "2018-04-26T17:18:27.047Z"
    }
},
{
    "model": "web.event",
    "pk": 2,
    "fields": {
        "title": "School Campaign 2",
        "description": "School Campaign 2",
        "date": "19",
        "month": "April",
        "start_and_end_time": "10:00 am - 01:00pm",
        "location": "Dhaka",
        "image": "Events/IMG_0745_eNHQIQ2.JPG",
        "gallery_image1": "Gallery/events/img_nature_wide_FVMVW2f.jpg",
        "gallery_image2": "Gallery/events/img_fjords_wide_VsQuBfA.jpg",
        "gallery_image3": "Gallery/events/img_mountains_wide_lr0SxLg.jpg",
        "gallery_image4": "Gallery/events/img_lights_wide_nXXEonX.jpg",
        "gallery_image5": "",
        "gallery_image6": "Gallery/events/img_mountains_wide_ubD4n3L.jpg",
        "gallery_image7": "",
        "gallery_image8": "",
        "gallery_image9": "",
        "gallery_image10": "",
        "gallery_image11": "",
        "gallery_image12": "",
        "upload_time": "2018-03-20T08:38:32.443Z",
        "update_time": "2018-04-26T17:16:43.919Z"
    }
},
{
    "model": "web.event",
    "pk": 3,
    "fields": {
        "title": "School Campaign 3",
        "description": "School Campaign 3",
        "date": "16",
        "month": "April",
        "start_and_end_time": "10:00 am - 01:00pm",
        "location": "Dhaka",
        "image": "Events/IMG_0745.JPG",
        "gallery_image1": "Gallery/events/img_lights_wide_liyWnmq.jpg",
        "gallery_image2": "Gallery/events/img_mountains_wide_JgK3jB6.jpg",
        "gallery_image3": "Gallery/events/img_nature_wide_1_TqeOttt.jpg",
        "gallery_image4": "Gallery/events/img_fjords_wide_80soa4M.jpg",
        "gallery_image5": "",
        "gallery_image6": "",
        "gallery_image7": "",
        "gallery_image8": "",
        "gallery_image9": "",
        "gallery_image10": "",
        "gallery_image11": "",
        "gallery_image12": "",
        "upload_time": "2018-03-20T08:39:25.764Z",
        "update_time": "2018-04-26T17:16:05.747Z"
    }
},
{
    "model": "web.event",
    "pk": 4,
    "fields": {
        "title": "School Campaign 4",
        "description": "School Campaign 4",
        "date": "12",
        "month": "April",
        "start_and_end_time": "03:00 pm - 05:00pm",
        "location": "Mohammodpur, Dhaka",
        "image": "Events/IMG_0745_UZ2jh4L.JPG",
        "gallery_image1": "",
        "gallery_image2": "",
        "gallery_image3": "",
        "gallery_image4": "",
        "gallery_image5": "",
        "gallery_image6": "",
        "gallery_image7": "",
        "gallery_image8": "",
        "gallery_image9": "",
        "gallery_image10": "",
        "gallery_image11": "",
        "gallery_image12": "",
        "upload_time": "2018-05-01T06:43:10.702Z",
        "update_time": "2018-05-01T06:43:10.702Z"
    }
},
{
    "model": "web.project",
    "pk": 1,
    "fields": {
        "name": "Hot Air Balloon Art Project",
        "description": "Morbi accumsan ipsum velit. Nam nec tellus a odio tincidunt auctor a ornare odio. Sed non mauris itae erat conuat",
        "Image": "Projects/sahne16-1-300x200.jpg",
        "upload_time": "2018-03-20T08:58:45.395Z",
        "update_time": "2018-03-20T08:58:45.395Z"
    }
},
{
    "model": "web.project",
    "pk": 2,
    "fields": {
        "name": "Easter Art Project",
        "description": "With my two boys home with colds today and Easter this weekend, it was the",
        "Image": "Projects/sahne6-1-300x200.jpg",
        "upload_time": "2018-03-20T08:59:07.625Z",
        "update_time": "2018-03-20T08:59:07.625Z"
    }
},
{
    "model": "web.project",
    "pk": 3,
    "fields": {
        "name": "Flower mosaic art project",
        "description": "Mosaics are artworks that arrange small pieces of glass, tile, or stone to look",
        "Image": "Projects/sahne4-1-300x200.jpg",
        "upload_time": "2018-03-20T08:59:26.075Z",
        "update_time": "2018-03-20T08:59:26.075Z"
    }
},
{
    "model": "web.testimonial",
    "pk": 1,
    "fields": {
        "person_name": "Jenny",
        "person_designation": "Teacher",
        "person_comment": "Contrary to popular belief, Lorem Ipsum is not simply random text. It has roots in a piece of classical Latin",
        "person_image": "Testimonial/student-1.png",
        "create_time": "2018-03-20T09:19:26.622Z"
    }
},
{
    "model": "web.testimonial",
    "pk": 2,
    "fields": {
        "person_name": "Linux Wlis",
        "person_designation": "Software Enginner",
        "person_comment": "It is a long established fact that a reader will be distracted by the readable content of a page",
        "person_image": "Testimonial/t2.jpg",
        "create_time": "2018-03-20T09:20:17.027Z"
    }
},
{
    "model": "web.usermessage",
    "pk": 1,
    "fields": {
        "first_name": "cxgfdgfd",
        "last_name": "gfdgdfg",
        "email": "gdfggf@gmail.com",
        "message": "gfdgfdg",
        "time": "2018-04-28T14:05:51.330Z"
    }
},
{
    "model": "web.usermessage",
    "pk": 2,
    "fields": {
        "first_name": "dfsfdsf",
        "last_name": "fdsfdsf",
        "email": "dsfdsfds@gmail.com",
        "message": "fdsfdsfsdf",
        "time": "2018-04-28T14:09:45.396Z"
    }
},
{
    "model": "web.usermessage",
    "pk": 3,
    "fields": {
        "first_name": "gfdgfd",
        "last_name": "gfdgfdg",
        "email": "gdfggf@gmail.com",
        "message": "gdsgdsfgfdsgsdfd fdsgdfg",
        "time": "2018-04-28T14:11:37.741Z"
    }
},
{
    "model": "web.usermessage",
    "pk": 4,
    "fields": {
        "first_name": "MH",
        "last_name": "Masuk",
        "email": "m.h.masukboss@gmail.com",
        "message": "jfksdahfs jjkfhsdfj k kjhfjksdf hjf jfdsfhjksd hfkjfhsd fksdjfhjk  hsdkfj hdsjkfh kj sdhfjsd hfkd",
        "time": "2018-04-28T14:13:00.514Z"
    }
},
{
    "model": "web.usermessage",
    "pk": 5,
    "fields": {
        "first_name": "fdgg",
        "last_name": "gdfgfdg",
        "email": "m.h.masukboss@gmail.com",
        "message": "gfdsgdfgfsd",
        "time": "2018-04-28T19:51:59.269Z"
    }
},
{
    "model": "web.usermessage",
    "pk": 6,
    "fields": {
        "first_name": "MH",
        "last_name": "fgfg",
        "email": "m.h.masukboss@gmail.com",
        "message": "fdsfds fds fd sf dsf ds f sdf",
        "time": "2018-04-29T01:37:55.091Z"
    }
},
{
    "model": "web.usermessage",
    "pk": 7,
    "fields": {
        "first_name": "dfsdsf",
        "last_name": "fsdfdsf",
        "email": "m.h.masukboss@gmail.com",
        "message": "fsdfsdfdsf",
        "time": "2018-04-29T08:45:31.462Z"
    }
},
{
    "model": "web.usermessage",
    "pk": 8,
    "fields": {
        "first_name": "mh",
        "last_name": "masuk",
        "email": "m.h.masukboss@gmail.com",
        "message": "ghfhghj",
        "time": "2018-04-29T18:02:52.331Z"
    }
},
{
    "model": "web.usermessage",
    "pk": 9,
    "fields": {
        "first_name": "gfdgfd",
        "last_name": "fdsfdsf",
        "email": "fdsf@h.com",
        "message": "dgdfsgdsd",
        "time": "2018-04-29T18:11:09.968Z"
    }
},
{
    "model": "web.usermessage",
    "pk": 10,
    "fields": {
        "first_name": "ggfd",
        "last_name": "gfdgfd",
        "email": "sddsa@dmai.cim",
        "message": "gdfgdfgfd",
        "time": "2018-04-30T15:17:49.630Z"
    }
},
{
    "model": "web.usermessage",
    "pk": 11,
    "fields": {
        "first_name": "ghhg",
        "last_name": "ghfhgf",
        "email": "m.h.masukboss@gmail.com",
        "message": "dfdsgg",
        "time": "2018-04-30T15:23:00.137Z"
    }
},
{
    "model": "web.usermessage",
    "pk": 12,
    "fields": {
        "first_name": "gfdghfdh",
        "last_name": "hgfhgf",
        "email": "m.h.masukboss@gmail.com",
        "message": "fdsfsnsdfg",
        "time": "2018-04-30T15:23:13.851Z"
    }
},
{
    "model": "web.usermessage",
    "pk": 13,
    "fields": {
        "first_name": "MH",
        "last_name": "Masuk",
        "email": "m.h.masukboss@gmail.com",
        "message": "Nhffhdjdjdjdndnxndndj",
        "time": "2018-04-30T20:51:07.715Z"
    }
},
{
    "model": "web.usermessage",
    "pk": 14,
    "fields": {
        "first_name": "Rakibul Hassan",
        "last_name": "Seam",
        "email": "abduljalilfarig@GMail.com",
        "message": "How I see a drawing",
        "time": "2018-05-02T10:31:03.329Z"
    }
},
{
    "model": "web.usermessage",
    "pk": 15,
    "fields": {
        "first_name": "Imtiaz",
        "last_name": "Ahmed",
        "email": "imtiaz45@gmail.com",
        "message": "I can\u2019t register , I have tried many times but can\u2019t complete the registration",
        "time": "2018-05-05T11:28:38.262Z"
    }
},
{
    "model": "web.subcribe",
    "pk": 1,
    "fields": {
        "subcriber_email": "m.h.masukboss@gmail.com",
        "created_at": "2018-04-28T14:59:18.027Z"
    }
},
{
    "model": "web.subcribe",
    "pk": 2,
    "fields": {
        "subcriber_email": "ireti@gmail.com",
        "created_at": "2018-04-28T15:00:28.746Z"
    }
},
{
    "model": "web.subcribe",
    "pk": 3,
    "fields": {
        "subcriber_email": "m.h.masukboss@gmail.com",
        "created_at": "2018-04-28T15:09:01.776Z"
    }
},
{
    "model": "web.subcribe",
    "pk": 4,
    "fields": {
        "subcriber_email": "m.h.masukboss@gmail.com",
        "created_at": "2018-04-28T15:12:07.549Z"
    }
},
{
    "model": "web.subcribe",
    "pk": 5,
    "fields": {
        "subcriber_email": "m.h.masukboss@gmail.com",
        "created_at": "2018-04-28T15:13:11.677Z"
    }
},
{
    "model": "web.subcribe",
    "pk": 6,
    "fields": {
        "subcriber_email": "m.h.masukboss@gmail.com",
        "created_at": "2018-04-28T15:13:48.347Z"
    }
},
{
    "model": "web.subcribe",
    "pk": 7,
    "fields": {
        "subcriber_email": "m.h.masukboss@gmail.com",
        "created_at": "2018-04-28T15:14:46.129Z"
    }
},
{
    "model": "web.subcribe",
    "pk": 8,
    "fields": {
        "subcriber_email": "m.h.masukboss@gmail.com",
        "created_at": "2018-04-28T15:15:30.996Z"
    }
},
{
    "model": "web.subcribe",
    "pk": 9,
    "fields": {
        "subcriber_email": "m.h.masukboss@gmail.com",
        "created_at": "2018-04-29T01:30:11.523Z"
    }
},
{
    "model": "web.subcribe",
    "pk": 10,
    "fields": {
        "subcriber_email": "m.h.masukboss@gmail.com",
        "created_at": "2018-04-29T15:56:01.506Z"
    }
},
{
    "model": "web.subcribe",
    "pk": 11,
    "fields": {
        "subcriber_email": "n@gmail.com",
        "created_at": "2018-04-29T15:56:27.380Z"
    }
},
{
    "model": "web.subcribe",
    "pk": 12,
    "fields": {
        "subcriber_email": "m@gmail.com",
        "created_at": "2018-04-29T15:57:27.380Z"
    }
},
{
    "model": "web.subcribe",
    "pk": 13,
    "fields": {
        "subcriber_email": "k@gmail.com",
        "created_at": "2018-04-30T14:52:41.633Z"
    }
},
{
    "model": "web.subcribe",
    "pk": 14,
    "fields": {
        "subcriber_email": "j@gmail.com",
        "created_at": "2018-04-30T14:55:13.667Z"
    }
},
{
    "model": "web.subcribe",
    "pk": 15,
    "fields": {
        "subcriber_email": "f@gmail.com",
        "created_at": "2018-04-30T14:56:35.708Z"
    }
},
{
    "model": "web.subcribe",
    "pk": 16,
    "fields": {
        "subcriber_email": "h@gmail.com",
        "created_at": "2018-04-30T14:56:57.239Z"
    }
},
{
    "model": "web.subcribe",
    "pk": 17,
    "fields": {
        "subcriber_email": "h@gmail.com",
        "created_at": "2018-04-30T14:57:27.402Z"
    }
},
{
    "model": "web.subcribe",
    "pk": 18,
    "fields": {
        "subcriber_email": "ffdsfd@gamil.com",
        "created_at": "2018-04-30T14:58:59.013Z"
    }
},
{
    "model": "web.subcribe",
    "pk": 19,
    "fields": {
        "subcriber_email": "nasirferoz@gmail.com",
        "created_at": "2018-05-01T03:33:18.797Z"
    }
},
{
    "model": "web.subcribe",
    "pk": 20,
    "fields": {
        "subcriber_email": "M.h.masukboss@gmail.com",
        "created_at": "2018-05-01T09:30:06.444Z"
    }
},
{
    "model": "web.subcribe",
    "pk": 21,
    "fields": {
        "subcriber_email": "abduljelilg@GMail.com",
        "created_at": "2018-05-02T10:24:01.965Z"
    }
},
{
    "model": "web.subcribe",
    "pk": 22,
    "fields": {
        "subcriber_email": "abduljelilg@GMail.com",
        "created_at": "2018-05-02T10:27:47.590Z"
    }
},
{
    "model": "web.subcribe",
    "pk": 23,
    "fields": {
        "subcriber_email": "abduljelilg@GMail.com",
        "created_at": "2018-05-02T10:28:23.967Z"
    }
},
{
    "model": "web.subcribe",
    "pk": 24,
    "fields": {
        "subcriber_email": "abduljelilg@GMail.com",
        "created_at": "2018-05-02T10:33:33.626Z"
    }
},
{
    "model": "web.subcribe",
    "pk": 25,
    "fields": {
        "subcriber_email": "abduljelilg@GMail.com",
        "created_at": "2018-05-02T10:37:07.665Z"
    }
},
{
    "model": "web.subcribe",
    "pk": 26,
    "fields": {
        "subcriber_email": "abduljelilg@GMail.com",
        "created_at": "2018-05-02T10:38:58.183Z"
    }
},
{
    "model": "web.subcribe",
    "pk": 27,
    "fields": {
        "subcriber_email": "Kamrulctmri@gmail.com",
        "created_at": "2018-05-02T19:10:47.544Z"
    }
},
{
    "model": "web.subcribe",
    "pk": 28,
    "fields": {
        "subcriber_email": "Kamrulctmri@gmail.com",
        "created_at": "2018-05-02T19:12:11.099Z"
    }
},
{
    "model": "web.subcribe",
    "pk": 29,
    "fields": {
        "subcriber_email": "Marjiakamrul@gmail.com",
        "created_at": "2018-05-02T19:15:02.629Z"
    }
},
{
    "model": "web.subcribe",
    "pk": 30,
    "fields": {
        "subcriber_email": "Marjiakamrul@gmail.com",
        "created_at": "2018-05-02T19:20:24.692Z"
    }
},
{
    "model": "web.subcribe",
    "pk": 31,
    "fields": {
        "subcriber_email": "Monahan.ewm@gmail.com",
        "created_at": "2018-05-03T09:40:22.662Z"
    }
},
{
    "model": "web.subcribe",
    "pk": 32,
    "fields": {
        "subcriber_email": "humayunminha@gmail.com",
        "created_at": "2018-05-03T17:30:45.762Z"
    }
},
{
    "model": "web.subcribe",
    "pk": 33,
    "fields": {
        "subcriber_email": "Istiakhumayun@gmail.com",
        "created_at": "2018-05-03T17:32:26.953Z"
    }
},
{
    "model": "auth.user",
    "fields": {
        "password": "pbkdf2_sha256$100000$oMJcN9OsbW2S$JZwy0ZpAd/TRLConIxyyRfnaRr5z3TlJBvoQWd5qjSA=",
        "last_login": "2018-04-28T23:24:00.282Z",
        "is_superuser": true,
        "username": "mhmasuk",
        "first_name": "",
        "last_name": "",
        "email": "",
        "is_staff": true,
        "is_active": true,
        "date_joined": "2018-04-28T23:23:20.513Z",
        "groups": [],
        "user_permissions": []
    }
},
{
    "model": "auth.user",
    "fields": {
        "password": "pbkdf2_sha256$100000$etZmHklI3LH2$09YPcDoA3gVqDraz5/2FMq6u/dOoWrNfKF/e+6BU76c=",
        "last_login": "2018-04-28T23:41:15.315Z",
        "is_superuser": true,
        "username": "mh",
        "first_name": "",
        "last_name": "",
        "email": "",
        "is_staff": true,
        "is_active": true,
        "date_joined": "2018-04-28T23:40:23.198Z",
        "groups": [],
        "user_permissions": []
    }
},
{
    "model": "auth.user",
    "fields": {
        "password": "pbkdf2_sha256$100000$SIFtZLa69Ovu$tOz52ajZ2GU/L8I8u0sM+91HKWqO9IEWh8f6c5YBnZ4=",
        "last_login": null,
        "is_superuser": true,
        "username": "mh12",
        "first_name": "",
        "last_name": "",
        "email": "",
        "is_staff": true,
        "is_active": true,
        "date_joined": "2018-04-28T23:53:08.892Z",
        "groups": [],
        "user_permissions": []
    }
},
{
    "model": "auth.user",
    "fields": {
        "password": "pbkdf2_sha256$100000$e44sVwWwDdLa$G1UuSJimh3U9j7Mh6XK5lCOIDtboDfDzIDNcUiVS35o=",
        "last_login": "2018-05-05T19:05:25.210Z",
        "is_superuser": true,
        "username": "mh56",
        "first_name": "MH",
        "last_name": "Hossain m",
        "email": "m.h.masukboss@gmail.com",
        "is_staff": true,
        "is_active": true,
        "date_joined": "2018-04-28T23:54:00Z",
        "groups": [],
        "user_permissions": []
    }
},
{
    "model": "auth.user",
    "fields": {
        "password": "pbkdf2_sha256$100000$lfw156h4oKEs$YWVnn45wG05phXGBcic5xUKJTQ6Ay/n/9GzvNQp44eE=",
        "last_login": null,
        "is_superuser": false,
        "username": "masuk",
        "first_name": "",
        "last_name": "",
        "email": "m.h.masukboss@gmail.com",
        "is_staff": false,
        "is_active": false,
        "date_joined": "2018-04-29T16:03:56.019Z",
        "groups": [],
        "user_permissions": []
    }
},
{
    "model": "auth.user",
    "fields": {
        "password": "pbkdf2_sha256$100000$ZhSA5wYhqB5k$x6VJ972wrrPBS9taxBlMt418y8HqbWJ1Ik6s7r1oit4=",
        "last_login": "2018-04-29T16:06:52.605Z",
        "is_superuser": false,
        "username": "masuk12",
        "first_name": "",
        "last_name": "",
        "email": "m.h.masukboss@gmail.com",
        "is_staff": false,
        "is_active": true,
        "date_joined": "2018-04-29T16:06:39.733Z",
        "groups": [],
        "user_permissions": []
    }
},
{
    "model": "auth.user",
    "fields": {
        "password": "pbkdf2_sha256$100000$AYXnylhFotcG$7kbC6z7wTyiN0Z7ovDRSbGZPFk+ZC52qQ5gMo6pPO6s=",
        "last_login": "2018-04-29T17:57:42.103Z",
        "is_superuser": false,
        "username": "new23",
        "first_name": "",
        "last_name": "",
        "email": "m.h.masukboss@gmail.com",
        "is_staff": false,
        "is_active": true,
        "date_joined": "2018-04-29T17:57:23.094Z",
        "groups": [],
        "user_permissions": []
    }
},
{
    "model": "auth.user",
    "fields": {
        "password": "pbkdf2_sha256$100000$zy73pQWmGuWf$oqIorIBHGzSEA56iQ4JpuBpLH2/ppDixHzdw/xpvIps=",
        "last_login": "2018-04-30T21:41:16.116Z",
        "is_superuser": false,
        "username": "takdhum",
        "first_name": "Takdhum",
        "last_name": "Online School",
        "email": "denary.noyon@gmail.com",
        "is_staff": false,
        "is_active": true,
        "date_joined": "2018-04-30T20:19:22.637Z",
        "groups": [],
        "user_permissions": []
    }
},
{
    "model": "auth.user",
    "fields": {
        "password": "pbkdf2_sha256$100000$r9ICQodjXRm7$woB6TjsgjfYfF1cppJ5Yv1diESpyQKiHzxoco9Z448A=",
        "last_login": "2018-05-05T17:51:58.797Z",
        "is_superuser": true,
        "username": "noyon",
        "first_name": "Md. Mohaymenul Islam",
        "last_name": "Noyon",
        "email": "denary.noyon@gmail.com",
        "is_staff": true,
        "is_active": true,
        "date_joined": "2018-04-30T21:48:36.684Z",
        "groups": [],
        "user_permissions": []
    }
},
{
    "model": "auth.user",
    "fields": {
        "password": "pbkdf2_sha256$100000$2AR8VXzeMCi2$iEAf0CkuKXrKaYTf9n7N5EfbCoW6pZjwNhzVijrz5Is=",
        "last_login": "2018-05-01T08:43:59.176Z",
        "is_superuser": false,
        "username": "nasirferoz",
        "first_name": "Md Nasir",
        "last_name": "Feroz",
        "email": "nasirferoz@gmail.com",
        "is_staff": false,
        "is_active": true,
        "date_joined": "2018-05-01T03:34:45.679Z",
        "groups": [],
        "user_permissions": []
    }
},
{
    "model": "auth.user",
    "fields": {
        "password": "pbkdf2_sha256$100000$ZbXgu3GjJ7ha$92zeF+n9H9EeR+cBkUsv7lB7+S9a+9ZgrY+/OoJiuGo=",
        "last_login": "2018-05-05T08:53:36.745Z",
        "is_superuser": false,
        "username": "rafiqbd",
        "first_name": "",
        "last_name": "",
        "email": "eng.rafiqbd@gmail.com",
        "is_staff": false,
        "is_active": true,
        "date_joined": "2018-05-01T04:14:00.958Z",
        "groups": [],
        "user_permissions": []
    }
},
{
    "model": "auth.user",
    "fields": {
        "password": "pbkdf2_sha256$100000$bJZQxHaTzubn$E5wLxw2zWtxePGgVs+FskvY/To9Opwd5MmMfIQn6mNU=",
        "last_login": "2018-05-03T08:42:38.376Z",
        "is_superuser": false,
        "username": "Karim",
        "first_name": "",
        "last_name": "",
        "email": "Ksjivani@gmail.com",
        "is_staff": false,
        "is_active": true,
        "date_joined": "2018-05-01T06:47:00.489Z",
        "groups": [],
        "user_permissions": []
    }
},
{
    "model": "auth.user",
    "fields": {
        "password": "pbkdf2_sha256$100000$XbGRjoRVOqRa$NUgzB3xak2mviDn+dLX2bTH1CYbUvSofgWlg99pwZQA=",
        "last_login": "2018-05-02T10:37:41.475Z",
        "is_superuser": false,
        "username": "Rakib145",
        "first_name": "",
        "last_name": "",
        "email": "abduljalilfarig@gmail.com",
        "is_staff": false,
        "is_active": true,
        "date_joined": "2018-05-02T10:27:32.156Z",
        "groups": [],
        "user_permissions": []
    }
},
{
    "model": "auth.user",
    "fields": {
        "password": "pbkdf2_sha256$100000$avRjJcOGoODd$/0NFiXXCfyKHKRdR8TwCOS/OHWvGHWrU7zGU7ZtfHFw=",
        "last_login": null,
        "is_superuser": false,
        "username": "Rakib234",
        "first_name": "",
        "last_name": "",
        "email": "abduljalilfarig@gmail.com",
        "is_staff": false,
        "is_active": false,
        "date_joined": "2018-05-02T10:36:45.814Z",
        "groups": [],
        "user_permissions": []
    }
},
{
    "model": "auth.user",
    "fields": {
        "password": "pbkdf2_sha256$100000$rasFaWXeVeW6$4Bf2R+nU/UVhPSZO7q0mBfpgmh3uJRDLmY09J1VZG4k=",
        "last_login": "2018-05-02T17:19:10.485Z",
        "is_superuser": false,
        "username": "noyonict",
        "first_name": "",
        "last_name": "",
        "email": "denary.noyon@gmail.com",
        "is_staff": false,
        "is_active": true,
        "date_joined": "2018-05-02T17:16:27.710Z",
        "groups": [],
        "user_permissions": []
    }
},
{
    "model": "auth.user",
    "fields": {
        "password": "pbkdf2_sha256$100000$YrVPLRzua6t2$a2ewWLUXdI4lk3Q4SWKn15ovQmUZRYyzT5VF0zRNcUE=",
        "last_login": null,
        "is_superuser": false,
        "username": "Sadman",
        "first_name": "",
        "last_name": "",
        "email": "Marjiakamrul@gmail.com",
        "is_staff": false,
        "is_active": false,
        "date_joined": "2018-05-02T19:14:24.502Z",
        "groups": [],
        "user_permissions": []
    }
},
{
    "model": "auth.user",
    "fields": {
        "password": "pbkdf2_sha256$100000$xPFQEWK0hOdB$WElpxqe4IbKdJIRZWqEn8YRR3gBdPuXF0UNd2j2c3vM=",
        "last_login": null,
        "is_superuser": false,
        "username": "Kamrul",
        "first_name": "",
        "last_name": "",
        "email": "Marjiakamrul@gmail.com",
        "is_staff": false,
        "is_active": false,
        "date_joined": "2018-05-02T19:19:58.595Z",
        "groups": [],
        "user_permissions": []
    }
},
{
    "model": "auth.user",
    "fields": {
        "password": "pbkdf2_sha256$100000$AFz5o3bvoWFF$wF69JVmNjamB+hlxhBnKww4vw9SXEW4vgmSf60UEjAE=",
        "last_login": "2018-05-03T12:24:29.828Z",
        "is_superuser": false,
        "username": "Arian",
        "first_name": "",
        "last_name": "",
        "email": "ahnafgamer6789@gmail.com",
        "is_staff": false,
        "is_active": true,
        "date_joined": "2018-05-03T12:20:53.613Z",
        "groups": [],
        "user_permissions": []
    }
},
{
    "model": "auth.user",
    "fields": {
        "password": "pbkdf2_sha256$100000$7Aalvz3V26h0$a1JDuRVH6AXPSXnJu/C+iC/KDh1uZ5d5NrpbuilWNXc=",
        "last_login": "2018-05-03T12:26:08.804Z",
        "is_superuser": false,
        "username": "TONMOY",
        "first_name": "Tasnim",
        "last_name": "Anzum",
        "email": "tonmoyirtiza16@gmail.com",
        "is_staff": false,
        "is_active": true,
        "date_joined": "2018-05-03T12:25:04.863Z",
        "groups": [],
        "user_permissions": []
    }
},
{
    "model": "auth.user",
    "fields": {
        "password": "pbkdf2_sha256$100000$5tx0010qwsUZ$ma5Azi9esSO9CZVF+LNNlbcuYGCjecCAeSn46tZD71A=",
        "last_login": "2018-05-04T02:23:26.653Z",
        "is_superuser": false,
        "username": "MINHA",
        "first_name": "",
        "last_name": "",
        "email": "humayunminha@gmail.com",
        "is_staff": false,
        "is_active": true,
        "date_joined": "2018-05-03T17:29:56.051Z",
        "groups": [],
        "user_permissions": []
    }
},
{
    "model": "auth.user",
    "fields": {
        "password": "pbkdf2_sha256$100000$3BwYuGaZd3IW$oGgdDjLCKLASez0Hq/p6OgSzy98/cbs7I5SxufThQv0=",
        "last_login": null,
        "is_superuser": false,
        "username": "ISTIAK",
        "first_name": "",
        "last_name": "",
        "email": "Istiakhumayun@gmail.com",
        "is_staff": false,
        "is_active": false,
        "date_joined": "2018-05-03T17:32:04.907Z",
        "groups": [],
        "user_permissions": []
    }
},
{
    "model": "auth.user",
    "fields": {
        "password": "pbkdf2_sha256$100000$Qp88Yfjsecqe$liRrOlXOF5v5ADD6+2IgJt8eVk5WFn7n2lYFzzRH/xY=",
        "last_login": null,
        "is_superuser": false,
        "username": "Ashik4274",
        "first_name": "",
        "last_name": "",
        "email": "raufuzzaman35-2436@gmail.com",
        "is_staff": false,
        "is_active": false,
        "date_joined": "2018-05-05T13:26:19.719Z",
        "groups": [],
        "user_permissions": []
    }
},
{
    "model": "auth.user",
    "fields": {
        "password": "pbkdf2_sha256$100000$DKBb7xhCctVd$mTkc8ShDD7WTn1fplieotN8JWyPvdyKMThj0PRa+cgY=",
        "last_login": null,
        "is_superuser": false,
        "username": "AAshik4274",
        "first_name": "",
        "last_name": "",
        "email": "raufuzzaman35-2436@gmail.com",
        "is_staff": false,
        "is_active": false,
        "date_joined": "2018-05-05T13:28:57.600Z",
        "groups": [],
        "user_permissions": []
    }
},
{
    "model": "auth.user",
    "fields": {
        "password": "pbkdf2_sha256$100000$0FqkcepAm7BM$P1KkOGNwxMVolaw5hyRRNbFj6bW7QWuPfjpHUQjk3qM=",
        "last_login": "2018-05-05T13:31:05.846Z",
        "is_superuser": false,
        "username": "AAAshik4274",
        "first_name": "",
        "last_name": "",
        "email": "amaramiranbir@gmail.com",
        "is_staff": false,
        "is_active": true,
        "date_joined": "2018-05-05T13:30:47.936Z",
        "groups": [],
        "user_permissions": []
    }
},
{
    "model": "sessions.session",
    "pk": "17i9hazgnz2wwgbie5dlsbgxl2pj5jaz",
    "fields": {
        "session_data": "MTUxMmU1MjgzYjY2NDkwOWI0NWZmMzZiNGJjZmI5N2M0YWYxMWUxODp7fQ==",
        "expire_date": "2018-04-05T08:01:44.837Z"
    }
},
{
    "model": "sessions.session",
    "pk": "2ejpm1o7crnyxkyf4ifvj5zgalvs4vju",
    "fields": {
        "session_data": "ZTRjYzNiYWYzMjBlNGYyNDU5OTg4MWM0ODdjNTM3N2E5NjliMDA1YTp7Il9hdXRoX3VzZXJfaWQiOiI4OCIsIl9hdXRoX3VzZXJfYmFja2VuZCI6ImRqYW5nby5jb250cmliLmF1dGguYmFja2VuZHMuTW9kZWxCYWNrZW5kIiwiX2F1dGhfdXNlcl9oYXNoIjoiMGM3MzBiMDg3YjlhZDE0YWZkMDQ1NjJkMWUzOWZlMzhlOGUxY2NiNSJ9",
        "expire_date": "2018-05-13T03:41:39.911Z"
    }
},
{
    "model": "sessions.session",
    "pk": "490o7xor1evn7n3q0flbef850yj7iys5",
    "fields": {
        "session_data": "MmJmM2ViNDA0MWU0OTAxNWQ1NThkMzQ0OTU2OTA0NGZjZTk4NjhkNTp7Il9hdXRoX3VzZXJfaWQiOiI2NiIsIl9hdXRoX3VzZXJfYmFja2VuZCI6ImRqYW5nby5jb250cmliLmF1dGguYmFja2VuZHMuTW9kZWxCYWNrZW5kIiwiX2F1dGhfdXNlcl9oYXNoIjoiODJhYjY4ZWMyYWUxZDFmNjQzNjc0N2U5OWM4YWViNzk2YzBiYWI3OSJ9",
        "expire_date": "2018-05-09T12:26:22.860Z"
    }
},
{
    "model": "sessions.session",
    "pk": "4vpm8fgefryajh0uz6qhkuaqi1rnytxb",
    "fields": {
        "session_data": "NzE5MzlhMjc0MGFmODkzNDU0ZmQ5MjJhOGZmYjY2ZDZhMGQwMTQ2NDp7Il9hdXRoX3VzZXJfaWQiOiI5MyIsIl9hdXRoX3VzZXJfYmFja2VuZCI6ImRqYW5nby5jb250cmliLmF1dGguYmFja2VuZHMuTW9kZWxCYWNrZW5kIiwiX2F1dGhfdXNlcl9oYXNoIjoiMmJhYzc4ODQ4M2Q2NzhiZjVkMWQ5YTVmN2Q4MzJkNjAyZTVmMzFhZCJ9",
        "expire_date": "2018-05-16T13:58:38.075Z"
    }
},
{
    "model": "sessions.session",
    "pk": "4vxhc4m78y0ajmlj7iu9iolax6qmzjpm",
    "fields": {
        "session_data": "ZjRjMzJhMWUxMGIwNjA2MGZlMGQ5NmRlYzE4NmNhOTAyOWYwMmE3NTp7Il9hdXRoX3VzZXJfaWQiOiIxMDMiLCJfYXV0aF91c2VyX2JhY2tlbmQiOiJkamFuZ28uY29udHJpYi5hdXRoLmJhY2tlbmRzLk1vZGVsQmFja2VuZCIsIl9hdXRoX3VzZXJfaGFzaCI6ImViYjFkYzczZTBhNzgxMzI5OTUzODc1N2E3ZmQzODdkZmZhY2U4NWYifQ==",
        "expire_date": "2018-05-17T12:25:49.997Z"
    }
},
{
    "model": "sessions.session",
    "pk": "58qyyksqm3t2btwz2krh92plc5zve5fk",
    "fields": {
        "session_data": "MTUxMmU1MjgzYjY2NDkwOWI0NWZmMzZiNGJjZmI5N2M0YWYxMWUxODp7fQ==",
        "expire_date": "2018-05-19T16:56:54.793Z"
    }
},
{
    "model": "sessions.session",
    "pk": "78lhl729bw1oqf211tlax8vgs44k80xr",
    "fields": {
        "session_data": "MGY2YmEyODAyZjQyODE3NzBmNGUwN2Y3ZmUzNmY1ZmM4N2RmMjFlZTp7Il9hdXRoX3VzZXJfaWQiOiIxMDgiLCJfYXV0aF91c2VyX2JhY2tlbmQiOiJkamFuZ28uY29udHJpYi5hdXRoLmJhY2tlbmRzLk1vZGVsQmFja2VuZCIsIl9hdXRoX3VzZXJfaGFzaCI6IjBkMGVlM2Y5NmJiMmE0YThlMTE3MjE4YjgwNDU0ZmViYTEwYTVkNGYifQ==",
        "expire_date": "2018-05-19T13:31:05.865Z"
    }
},
{
    "model": "sessions.session",
    "pk": "7irp70jmdbmdm4r1myrv9behxkxqk5dt",
    "fields": {
        "session_data": "MTQ5YzdlZDFlNTc5MzNlMTFhYWQzNWY0ODk2YTVjYjhiNTg1MjBlMDp7Il9hdXRoX3VzZXJfaWQiOiI5NyIsIl9hdXRoX3VzZXJfYmFja2VuZCI6ImRqYW5nby5jb250cmliLmF1dGguYmFja2VuZHMuTW9kZWxCYWNrZW5kIiwiX2F1dGhfdXNlcl9oYXNoIjoiNjAxNTE1MzNiNTY0MGY0YzdiNmVjODI1NTcxMWEwYzM3ZmUzY2JjNCJ9",
        "expire_date": "2018-05-16T10:38:50.605Z"
    }
},
{
    "model": "sessions.session",
    "pk": "7sm1jjgq212uxvjg60xy6vl0h8z90uga",
    "fields": {
        "session_data": "ZTY1NTVhMGQ5ODM4OTljMmE0YTgyMTUzODBlM2ZiMTgyOTQ2Njk4ODp7Il9hdXRoX3VzZXJfaWQiOiIyIiwiX2F1dGhfdXNlcl9iYWNrZW5kIjoiZGphbmdvLmNvbnRyaWIuYXV0aC5iYWNrZW5kcy5Nb2RlbEJhY2tlbmQiLCJfYXV0aF91c2VyX2hhc2giOiI4Zjg3Y2YxMjQwYTlkOTUzYzY2MWU1Njc3NjY5NjNlOWFmYWJkNmMwIn0=",
        "expire_date": "2018-05-07T16:32:14.600Z"
    }
},
{
    "model": "sessions.session",
    "pk": "8b57pulw7tzonb60uhp22w933qu0kbiw",
    "fields": {
        "session_data": "MjNkYTkxYjg2NmVkNWE5NDQwZDZiZjdmY2JiYzJkZDUyMzI2MThmNjp7Il9hdXRoX3VzZXJfaWQiOiI3MiIsIl9hdXRoX3VzZXJfYmFja2VuZCI6ImRqYW5nby5jb250cmliLmF1dGguYmFja2VuZHMuTW9kZWxCYWNrZW5kIiwiX2F1dGhfdXNlcl9oYXNoIjoiODFkYzZmNTQ0MDY3ZjZjM2Q5OGJlNWFmZTc2Y2I5YjA5MmFkZWZhNiJ9",
        "expire_date": "2018-05-09T16:09:46.526Z"
    }
},
{
    "model": "sessions.session",
    "pk": "94e8m5duw5nhosr47mo1no1p4j8l6tj1",
    "fields": {
        "session_data": "MTUxMmU1MjgzYjY2NDkwOWI0NWZmMzZiNGJjZmI5N2M0YWYxMWUxODp7fQ==",
        "expire_date": "2018-04-05T08:01:49.608Z"
    }
},
{
    "model": "sessions.session",
    "pk": "9frvd49wczyxlppqxcful5ak1qrhemtd",
    "fields": {
        "session_data": "NjcwYjk1M2VhOTQ1MTI4ZDIxMDBkZTAwMzliMDgwNTA0OTVhNzRjODp7Il9hdXRoX3VzZXJfaWQiOiI3NCIsIl9hdXRoX3VzZXJfYmFja2VuZCI6ImRqYW5nby5jb250cmliLmF1dGguYmFja2VuZHMuTW9kZWxCYWNrZW5kIiwiX2F1dGhfdXNlcl9oYXNoIjoiNDMzMDliMjI4OGNiNjkzNzgwOGFmNTI3MmEzNjBkNGJiOTM0OGE3MSJ9",
        "expire_date": "2018-05-09T16:48:35.956Z"
    }
},
{
    "model": "sessions.session",
    "pk": "b9s1qwmguqal314y5c50fk4wkvhexyc0",
    "fields": {
        "session_data": "MTUxMmU1MjgzYjY2NDkwOWI0NWZmMzZiNGJjZmI5N2M0YWYxMWUxODp7fQ==",
        "expire_date": "2018-04-05T08:01:05.874Z"
    }
},
{
    "model": "sessions.session",
    "pk": "c9s1980xpgvm1ufxz72o3thtaqbul9gk",
    "fields": {
        "session_data": "ZGFiN2FmYWI1YzJmMWYwZGJlZmE3ZTczMzNmYjYxMzU4NGFiN2IyNjp7Il9hdXRoX3VzZXJfaWQiOiI1OCIsIl9hdXRoX3VzZXJfYmFja2VuZCI6ImRqYW5nby5jb250cmliLmF1dGguYmFja2VuZHMuTW9kZWxCYWNrZW5kIiwiX2F1dGhfdXNlcl9oYXNoIjoiYjBmYjg0ZTViMmUyMmViN2JjMDBmM2UwMmNkNzQ0NzNlMGUwN2FhNSJ9",
        "expire_date": "2018-05-03T09:55:36.890Z"
    }
},
{
    "model": "sessions.session",
    "pk": "dwi0jr8oishjuyverti9o2gl21j2z55o",
    "fields": {
        "session_data": "MTA2YzE5MmJkMjk0NzcxNTNmYjNlNDQxZjUyMGZmNjgxNjcyMGMyYjp7Il9hdXRoX3VzZXJfaWQiOiI3MyIsIl9hdXRoX3VzZXJfYmFja2VuZCI6ImRqYW5nby5jb250cmliLmF1dGguYmFja2VuZHMuTW9kZWxCYWNrZW5kIiwiX2F1dGhfdXNlcl9oYXNoIjoiY2ZlZTY3MzJmYjRmOWViOWQ0Y2Q1NWI0NTFiMjFjM2FiMTYyZGE2MCJ9",
        "expire_date": "2018-05-09T16:14:18.336Z"
    }
},
{
    "model": "sessions.session",
    "pk": "eqafge7qet4fko37rij04wa09s37jpuf",
    "fields": {
        "session_data": "ZTY1NTVhMGQ5ODM4OTljMmE0YTgyMTUzODBlM2ZiMTgyOTQ2Njk4ODp7Il9hdXRoX3VzZXJfaWQiOiIyIiwiX2F1dGhfdXNlcl9iYWNrZW5kIjoiZGphbmdvLmNvbnRyaWIuYXV0aC5iYWNrZW5kcy5Nb2RlbEJhY2tlbmQiLCJfYXV0aF91c2VyX2hhc2giOiI4Zjg3Y2YxMjQwYTlkOTUzYzY2MWU1Njc3NjY5NjNlOWFmYWJkNmMwIn0=",
        "expire_date": "2018-04-25T04:15:16.486Z"
    }
},
{
    "model": "sessions.session",
    "pk": "fp4sj8xzhz8ho23nmhwbdqnitaklaj45",
    "fields": {
        "session_data": "Yjk2Y2IxZTI3YjhlMDUyMDhlMjc4MTJmN2JiZDdmMDIxNTdkMTA4ODp7Il9hdXRoX3VzZXJfaWQiOiI1NyIsIl9hdXRoX3VzZXJfYmFja2VuZCI6ImRqYW5nby5jb250cmliLmF1dGguYmFja2VuZHMuTW9kZWxCYWNrZW5kIiwiX2F1dGhfdXNlcl9oYXNoIjoiMWYwOTg2OWUwYzcwMjc4OWZkMWQyYjBiZGUyNWJhMTE3NDJmYTU4YiJ9",
        "expire_date": "2018-05-03T08:13:22.650Z"
    }
},
{
    "model": "sessions.session",
    "pk": "fvgyrdjd16s2cu3e10kaiy2gwuhsjczg",
    "fields": {
        "session_data": "NDA0MTY5M2E4NDdhNGJhMWUxY2YyZDA0NDA3MTJkZmMxNjM0OTA0ZTp7Il9hdXRoX3VzZXJfaWQiOiI2NyIsIl9hdXRoX3VzZXJfYmFja2VuZCI6ImRqYW5nby5jb250cmliLmF1dGguYmFja2VuZHMuTW9kZWxCYWNrZW5kIiwiX2F1dGhfdXNlcl9oYXNoIjoiMDljYTc4ZTc0YWZjYjBhM2MyNWE4M2E0YTg0ZmVjNzdkMjc3OTY4NyJ9",
        "expire_date": "2018-05-09T10:53:33.558Z"
    }
},
{
    "model": "sessions.session",
    "pk": "geparzdvol00l3vj7f2u7v9ry3k7fejx",
    "fields": {
        "session_data": "MTFlYjQ5MWFhZTY2N2ExOTRkYzhjYjY1NmFjYzJmZmUyNjMyYzc1ODp7Il9hdXRoX3VzZXJfaWQiOiI2MCIsIl9hdXRoX3VzZXJfYmFja2VuZCI6ImRqYW5nby5jb250cmliLmF1dGguYmFja2VuZHMuTW9kZWxCYWNrZW5kIiwiX2F1dGhfdXNlcl9oYXNoIjoiOTMwZmE3ODQ5MTA2ZTFmOTQyZmVlNTlmOTFiODk5OWQwODRjODRmOSJ9",
        "expire_date": "2018-05-03T11:33:05.215Z"
    }
},
{
    "model": "sessions.session",
    "pk": "gw9tuy7n456ndj8rp5trz2xjcje5crkq",
    "fields": {
        "session_data": "MTUxMmU1MjgzYjY2NDkwOWI0NWZmMzZiNGJjZmI5N2M0YWYxMWUxODp7fQ==",
        "expire_date": "2018-04-05T07:59:48.435Z"
    }
},
{
    "model": "sessions.session",
    "pk": "hg4lvcu0aiflfg354fpjyou13csgl2mn",
    "fields": {
        "session_data": "ZTY1NTVhMGQ5ODM4OTljMmE0YTgyMTUzODBlM2ZiMTgyOTQ2Njk4ODp7Il9hdXRoX3VzZXJfaWQiOiIyIiwiX2F1dGhfdXNlcl9iYWNrZW5kIjoiZGphbmdvLmNvbnRyaWIuYXV0aC5iYWNrZW5kcy5Nb2RlbEJhY2tlbmQiLCJfYXV0aF91c2VyX2hhc2giOiI4Zjg3Y2YxMjQwYTlkOTUzYzY2MWU1Njc3NjY5NjNlOWFmYWJkNmMwIn0=",
        "expire_date": "2018-05-01T09:34:54.963Z"
    }
},
{
    "model": "sessions.session",
    "pk": "ht57arslwbezp69c8zaqhuouc1hl4gv8",
    "fields": {
        "session_data": "ODRiZWMzOTE1MDJiMWI4YTdmOGRmYzg1MzkyNjdkMDliOTY4NThhZjp7Il9hdXRoX3VzZXJfaWQiOiI2MSIsIl9hdXRoX3VzZXJfYmFja2VuZCI6ImRqYW5nby5jb250cmliLmF1dGguYmFja2VuZHMuTW9kZWxCYWNrZW5kIiwiX2F1dGhfdXNlcl9oYXNoIjoiZWQ3YmIzNzM3MWI2MGUxMzUzZDkyNDdkMTgyNGQ3ODRkOGYwYzg4ZCJ9",
        "expire_date": "2018-05-03T16:14:47.740Z"
    }
},
{
    "model": "sessions.session",
    "pk": "idjwqev1oliiol5krefk69navn347mn4",
    "fields": {
        "session_data": "MTUxMmU1MjgzYjY2NDkwOWI0NWZmMzZiNGJjZmI5N2M0YWYxMWUxODp7fQ==",
        "expire_date": "2018-05-19T16:33:29.127Z"
    }
},
{
    "model": "sessions.session",
    "pk": "iwua157n6g221f123uew43fw1szxtdxu",
    "fields": {
        "session_data": "ZGFiN2FmYWI1YzJmMWYwZGJlZmE3ZTczMzNmYjYxMzU4NGFiN2IyNjp7Il9hdXRoX3VzZXJfaWQiOiI1OCIsIl9hdXRoX3VzZXJfYmFja2VuZCI6ImRqYW5nby5jb250cmliLmF1dGguYmFja2VuZHMuTW9kZWxCYWNrZW5kIiwiX2F1dGhfdXNlcl9oYXNoIjoiYjBmYjg0ZTViMmUyMmViN2JjMDBmM2UwMmNkNzQ0NzNlMGUwN2FhNSJ9",
        "expire_date": "2018-05-03T09:54:09.358Z"
    }
},
{
    "model": "sessions.session",
    "pk": "k2ipdrlr955w2zzfzuv9vqmh6ep2j5j1",
    "fields": {
        "session_data": "MTUxMmU1MjgzYjY2NDkwOWI0NWZmMzZiNGJjZmI5N2M0YWYxMWUxODp7fQ==",
        "expire_date": "2018-05-12T08:02:30.017Z"
    }
},
{
    "model": "sessions.session",
    "pk": "lnd9wpao5wr8josqqm712ogk0jmhuqh4",
    "fields": {
        "session_data": "NDJkNzcyYzBmZTdkM2I0ZTc5NWZiODU1MjVlNWZlODcyY2Q4N2I1NDp7Il9hdXRoX3VzZXJfaWQiOiI5NiIsIl9hdXRoX3VzZXJfYmFja2VuZCI6ImRqYW5nby5jb250cmliLmF1dGguYmFja2VuZHMuTW9kZWxCYWNrZW5kIiwiX2F1dGhfdXNlcl9oYXNoIjoiMGJlODU2NTg3YjZkYmZkZjFlZGM0ZTBiMGEyYzdmZTk2MTRiMDY5YiJ9",
        "expire_date": "2018-05-15T06:48:19.735Z"
    }
},
{
    "model": "sessions.session",
    "pk": "lxi58ab99q68mdhjvt99c3dma1fmbwlh",
    "fields": {
        "session_data": "N2Y0MDQwMDFkYzZjZjY4ZWI3MGUyYTdlNDA2NmRjMmI1ZjUwZDAwMDp7Il9hdXRoX3VzZXJfaWQiOiI3NSIsIl9hdXRoX3VzZXJfYmFja2VuZCI6ImRqYW5nby5jb250cmliLmF1dGguYmFja2VuZHMuTW9kZWxCYWNrZW5kIiwiX2F1dGhfdXNlcl9oYXNoIjoiYmU5M2UzN2VkYWYyZjdhMDQ2ZWU2YjYzZGU2MTNmYzMyZGEwZGYzNiJ9",
        "expire_date": "2018-05-10T12:20:23.815Z"
    }
},
{
    "model": "sessions.session",
    "pk": "mktfb3iferi8bvm2glxy8ylb4s4jjq4e",
    "fields": {
        "session_data": "NzkwNTY3NDJkZDM4ZDk5OTcyMmNhMjcxNTQ5MzliZGQ3MWQ2YWM5ZDp7Il9hdXRoX3VzZXJfaWQiOiI4MyIsIl9hdXRoX3VzZXJfYmFja2VuZCI6ImRqYW5nby5jb250cmliLmF1dGguYmFja2VuZHMuTW9kZWxCYWNrZW5kIiwiX2F1dGhfdXNlcl9oYXNoIjoiMTlmZDVhNGEyOTRhNTkyOWU4ZDUzOWI5YmExMTdkYTBjYmQ5YWQwOCJ9",
        "expire_date": "2018-05-12T19:39:53.134Z"
    }
},
{
    "model": "sessions.session",
    "pk": "nyejd30gqttam6netwkds4fa46con5mk",
    "fields": {
        "session_data": "ZTY1NTVhMGQ5ODM4OTljMmE0YTgyMTUzODBlM2ZiMTgyOTQ2Njk4ODp7Il9hdXRoX3VzZXJfaWQiOiIyIiwiX2F1dGhfdXNlcl9iYWNrZW5kIjoiZGphbmdvLmNvbnRyaWIuYXV0aC5iYWNrZW5kcy5Nb2RlbEJhY2tlbmQiLCJfYXV0aF91c2VyX2hhc2giOiI4Zjg3Y2YxMjQwYTlkOTUzYzY2MWU1Njc3NjY5NjNlOWFmYWJkNmMwIn0=",
        "expire_date": "2018-05-10T16:17:42.002Z"
    }
},
{
    "model": "sessions.session",
    "pk": "papo4684e8ez0efetc86c8dyrtqz7092",
    "fields": {
        "session_data": "MTUxMmU1MjgzYjY2NDkwOWI0NWZmMzZiNGJjZmI5N2M0YWYxMWUxODp7fQ==",
        "expire_date": "2018-05-19T16:29:57.082Z"
    }
},
{
    "model": "sessions.session",
    "pk": "pfq5av1mdumykn9va70dn9ei899ks7t8",
    "fields": {
        "session_data": "ZTg3MDEzY2Q1OTFhN2NkYmFmNWMxNzMxYzc4ODNiYjY1ZWQzODNkMDp7Il9hdXRoX3VzZXJfaWQiOiI2OSIsIl9hdXRoX3VzZXJfYmFja2VuZCI6ImRqYW5nby5jb250cmliLmF1dGguYmFja2VuZHMuTW9kZWxCYWNrZW5kIiwiX2F1dGhfdXNlcl9oYXNoIjoiNzAzOGI1ZTZlOGFiYzI5NTE5MGFiZDEzZDVlYzFkMWFiOTEwOGFjMiJ9",
        "expire_date": "2018-05-09T15:28:52.156Z"
    }
},
{
    "model": "sessions.session",
    "pk": "qhjis93uzhd1wembgk630rep1b7b9x50",
    "fields": {
        "session_data": "MTUxMmU1MjgzYjY2NDkwOWI0NWZmMzZiNGJjZmI5N2M0YWYxMWUxODp7fQ==",
        "expire_date": "2018-05-19T17:37:34.333Z"
    }
},
{
    "model": "sessions.session",
    "pk": "qupejbk33lqjoj7sy7tyxqvp3hvwwlqu",
    "fields": {
        "session_data": "MWNjZjM2NzA5NjU4NzdkN2VhNDE0MzgxYjg4MTM0YTQ0ZWVmNGMzMDp7Il9hdXRoX3VzZXJfaWQiOiI1MyIsIl9hdXRoX3VzZXJfYmFja2VuZCI6ImRqYW5nby5jb250cmliLmF1dGguYmFja2VuZHMuTW9kZWxCYWNrZW5kIiwiX2F1dGhfdXNlcl9oYXNoIjoiZGRmMGVhYzk4MTEzYWM0YTFiOWJkOTA5NDAzMjAxMjA2OThmMDRkMiJ9",
        "expire_date": "2018-05-02T18:57:33.161Z"
    }
},
{
    "model": "sessions.session",
    "pk": "te99813tk6znx0tidvg816qdi4dpaz5a",
    "fields": {
        "session_data": "ZGVkN2NmZDU2Nzk5NmZhOGIyNWUxNDU1ZGMzZTQxZDMxYTlmNjMxZTp7Il9hdXRoX3VzZXJfaWQiOiI1OSIsIl9hdXRoX3VzZXJfYmFja2VuZCI6ImRqYW5nby5jb250cmliLmF1dGguYmFja2VuZHMuTW9kZWxCYWNrZW5kIiwiX2F1dGhfdXNlcl9oYXNoIjoiNjk5ZWRiYTFhODBmNTJkNTljYzU4ZWY3ODEwZTQ1OTg0OTU0MWRhNyJ9",
        "expire_date": "2018-05-03T10:03:01.543Z"
    }
},
{
    "model": "sessions.session",
    "pk": "uq52ux0k33sn4pvoiv3op4xz8l99bdzo",
    "fields": {
        "session_data": "MTUxMmU1MjgzYjY2NDkwOWI0NWZmMzZiNGJjZmI5N2M0YWYxMWUxODp7fQ==",
        "expire_date": "2018-05-19T16:30:53.419Z"
    }
},
{
    "model": "sessions.session",
    "pk": "v5qcpzddmoxow8ur7lwqj36sh51vdphx",
    "fields": {
        "session_data": "NjJiYWQ5NjEwYWUxMjUzZTNiMjc5NmUyOGViYjFiNDhmZTk2MDg3NTp7Il9hdXRoX3VzZXJfaWQiOiIxMDQiLCJfYXV0aF91c2VyX2JhY2tlbmQiOiJkamFuZ28uY29udHJpYi5hdXRoLmJhY2tlbmRzLk1vZGVsQmFja2VuZCIsIl9hdXRoX3VzZXJfaGFzaCI6ImZmZTU1OGY3YTkxYWRiNGYyMTg2YWZmODhjNmIxOWQ3MzczYjc4MTQifQ==",
        "expire_date": "2018-05-18T02:23:26.678Z"
    }
},
{
    "model": "sessions.session",
    "pk": "vox9ys9pur070u0r0k8ancdn98th2axm",
    "fields": {
        "session_data": "NzE5MzlhMjc0MGFmODkzNDU0ZmQ5MjJhOGZmYjY2ZDZhMGQwMTQ2NDp7Il9hdXRoX3VzZXJfaWQiOiI5MyIsIl9hdXRoX3VzZXJfYmFja2VuZCI6ImRqYW5nby5jb250cmliLmF1dGguYmFja2VuZHMuTW9kZWxCYWNrZW5kIiwiX2F1dGhfdXNlcl9oYXNoIjoiMmJhYzc4ODQ4M2Q2NzhiZjVkMWQ5YTVmN2Q4MzJkNjAyZTVmMzFhZCJ9",
        "expire_date": "2018-05-18T09:23:00.602Z"
    }
},
{
    "model": "sessions.session",
    "pk": "wl6ocv7y2p2xtx1xy4gb0xisi970d906",
    "fields": {
        "session_data": "MGIxOWQ3YzdkYTVmOTM5NzM2NGNmZWMzZmZkOWEyZTQ0ODA2ZmM5Yzp7Il9hdXRoX3VzZXJfaWQiOiI5NSIsIl9hdXRoX3VzZXJfYmFja2VuZCI6ImRqYW5nby5jb250cmliLmF1dGguYmFja2VuZHMuTW9kZWxCYWNrZW5kIiwiX2F1dGhfdXNlcl9oYXNoIjoiNjI3NzAyYzg0MzBhMjQ2M2Q3MjRjM2M0YmM5Y2ZiZGEwNmQ2MzU3ZiJ9",
        "expire_date": "2018-05-17T05:53:02.467Z"
    }
},
{
    "model": "sessions.session",
    "pk": "y933d28f4jnwyvvtpgr2cjr62xloxtes",
    "fields": {
        "session_data": "MTUxMmU1MjgzYjY2NDkwOWI0NWZmMzZiNGJjZmI5N2M0YWYxMWUxODp7fQ==",
        "expire_date": "2018-05-14T21:41:57.302Z"
    }
},
{
    "model": "sessions.session",
    "pk": "zq12b5q7us5t3u7re23yrs93jew0ow4l",
    "fields": {
        "session_data": "NDJkNzcyYzBmZTdkM2I0ZTc5NWZiODU1MjVlNWZlODcyY2Q4N2I1NDp7Il9hdXRoX3VzZXJfaWQiOiI5NiIsIl9hdXRoX3VzZXJfYmFja2VuZCI6ImRqYW5nby5jb250cmliLmF1dGguYmFja2VuZHMuTW9kZWxCYWNrZW5kIiwiX2F1dGhfdXNlcl9oYXNoIjoiMGJlODU2NTg3YjZkYmZkZjFlZGM0ZTBiMGEyYzdmZTk2MTRiMDY5YiJ9",
        "expire_date": "2018-05-15T06:56:47.097Z"
    }
},
{
    "model": "sessions.session",
    "pk": "zz8mle4mjhgi3cwtjlkpvi50icc7w934",
    "fields": {
        "session_data": "MTUxMmU1MjgzYjY2NDkwOWI0NWZmMzZiNGJjZmI5N2M0YWYxMWUxODp7fQ==",
        "expire_date": "2018-04-05T08:14:12.287Z"
    }
},
{
    "model": "admin.logentry",
    "pk": 291,
    "fields": {
        "action_time": "2018-04-29T00:13:19.478Z",
        "user": [
            "mh56"
        ],
        "content_type": [
            "web",
            "profile"
        ],
        "object_id": "10",
        "object_repr": "Profile object (10)",
        "action_flag": 2,
        "change_message": "[{\"changed\": {\"fields\": [\"profile_picture\"]}}]"
    }
},
{
    "model": "admin.logentry",
    "pk": 292,
    "fields": {
        "action_time": "2018-05-01T06:34:38.068Z",
        "user": [
            "noyon"
        ],
        "content_type": [
            "web",
            "coursecategory"
        ],
        "object_id": "3",
        "object_repr": "Handwriting",
        "action_flag": 3,
        "change_message": ""
    }
},
{
    "model": "admin.logentry",
    "pk": 293,
    "fields": {
        "action_time": "2018-05-01T06:34:38.087Z",
        "user": [
            "noyon"
        ],
        "content_type": [
            "web",
            "coursecategory"
        ],
        "object_id": "2",
        "object_repr": "Craft",
        "action_flag": 3,
        "change_message": ""
    }
},
{
    "model": "admin.logentry",
    "pk": 294,
    "fields": {
        "action_time": "2018-05-01T06:43:10.707Z",
        "user": [
            "noyon"
        ],
        "content_type": [
            "web",
            "event"
        ],
        "object_id": "4",
        "object_repr": "School Campaign 4",
        "action_flag": 1,
        "change_message": "[{\"added\": {}}]"
    }
},
{
    "model": "admin.logentry",
    "pk": 295,
    "fields": {
        "action_time": "2018-05-01T06:43:48.824Z",
        "user": [
            "noyon"
        ],
        "content_type": [
            "web",
            "singlevideo"
        ],
        "object_id": "9",
        "object_repr": "How to draw a cartoon character",
        "action_flag": 2,
        "change_message": "[{\"changed\": {\"fields\": [\"video_link\"]}}]"
    }
},
{
    "model": "admin.logentry",
    "pk": 296,
    "fields": {
        "action_time": "2018-05-01T06:47:01.422Z",
        "user": [
            "noyon"
        ],
        "content_type": [
            "web",
            "singlevideo"
        ],
        "object_id": "8",
        "object_repr": "How To Draw Doraemon",
        "action_flag": 2,
        "change_message": "[{\"changed\": {\"fields\": [\"video_link\"]}}]"
    }
},
{
    "model": "admin.logentry",
    "pk": 297,
    "fields": {
        "action_time": "2018-05-01T07:17:32.219Z",
        "user": [
            "noyon"
        ],
        "content_type": [
            "web",
            "singlevideo"
        ],
        "object_id": "5",
        "object_repr": "Drawing Technique For Beginners",
        "action_flag": 2,
        "change_message": "[{\"changed\": {\"fields\": [\"video_link\"]}}]"
    }
},
{
    "model": "admin.logentry",
    "pk": 298,
    "fields": {
        "action_time": "2018-05-01T07:39:31.107Z",
        "user": [
            "noyon"
        ],
        "content_type": [
            "web",
            "singlevideo"
        ],
        "object_id": "6",
        "object_repr": "Hatching Technique for Beginners Lesson-1",
        "action_flag": 2,
        "change_message": "[{\"changed\": {\"fields\": [\"video_link\"]}}]"
    }
},
{
    "model": "admin.logentry",
    "pk": 299,
    "fields": {
        "action_time": "2018-05-01T09:17:53.368Z",
        "user": [
            "noyon"
        ],
        "content_type": [
            "web",
            "singlevideo"
        ],
        "object_id": "7",
        "object_repr": "Hatching Technique for Beginners Lesson-2",
        "action_flag": 2,
        "change_message": "[{\"changed\": {\"fields\": [\"video_link\"]}}]"
    }
},
{
    "model": "admin.logentry",
    "pk": 300,
    "fields": {
        "action_time": "2018-05-01T09:27:09.945Z",
        "user": [
            "noyon"
        ],
        "content_type": [
            "web",
            "singlevideo"
        ],
        "object_id": "14",
        "object_repr": "How To Draw Carrot",
        "action_flag": 2,
        "change_message": "[]"
    }
},
{
    "model": "admin.logentry",
    "pk": 301,
    "fields": {
        "action_time": "2018-05-01T09:28:24.241Z",
        "user": [
            "noyon"
        ],
        "content_type": [
            "web",
            "singlevideo"
        ],
        "object_id": "22",
        "object_repr": "How To Draw Brinjal",
        "action_flag": 1,
        "change_message": "[{\"added\": {}}]"
    }
},
{
    "model": "admin.logentry",
    "pk": 302,
    "fields": {
        "action_time": "2018-05-01T09:32:21.925Z",
        "user": [
            "noyon"
        ],
        "content_type": [
            "web",
            "singlevideo"
        ],
        "object_id": "14",
        "object_repr": "How To Draw Carrot",
        "action_flag": 2,
        "change_message": "[{\"changed\": {\"fields\": [\"video_link\"]}}]"
    }
},
{
    "model": "admin.logentry",
    "pk": 303,
    "fields": {
        "action_time": "2018-05-01T09:40:21.248Z",
        "user": [
            "noyon"
        ],
        "content_type": [
            "web",
            "singlevideo"
        ],
        "object_id": "22",
        "object_repr": "How To Draw Brinjal",
        "action_flag": 2,
        "change_message": "[{\"changed\": {\"fields\": [\"video_link\"]}}]"
    }
},
{
    "model": "admin.logentry",
    "pk": 304,
    "fields": {
        "action_time": "2018-05-01T09:54:42.633Z",
        "user": [
            "noyon"
        ],
        "content_type": [
            "web",
            "singlevideo"
        ],
        "object_id": "2",
        "object_repr": "How To Draw a Sun Flower",
        "action_flag": 2,
        "change_message": "[{\"changed\": {\"fields\": [\"video_link\"]}}]"
    }
},
{
    "model": "admin.logentry",
    "pk": 305,
    "fields": {
        "action_time": "2018-05-01T09:59:52.471Z",
        "user": [
            "noyon"
        ],
        "content_type": [
            "web",
            "course"
        ],
        "object_id": "13",
        "object_repr": "9. Draw Object With Numbers",
        "action_flag": 1,
        "change_message": "[{\"added\": {}}]"
    }
},
{
    "model": "admin.logentry",
    "pk": 306,
    "fields": {
        "action_time": "2018-05-01T10:03:07.012Z",
        "user": [
            "noyon"
        ],
        "content_type": [
            "web",
            "course"
        ],
        "object_id": "13",
        "object_repr": "9. Draw Object With Numbers",
        "action_flag": 2,
        "change_message": "[{\"changed\": {\"fields\": [\"thumbnail_image\"]}}]"
    }
},
{
    "model": "admin.logentry",
    "pk": 307,
    "fields": {
        "action_time": "2018-05-01T10:03:56.914Z",
        "user": [
            "noyon"
        ],
        "content_type": [
            "web",
            "course"
        ],
        "object_id": "13",
        "object_repr": "9. Draw Object With Numbers",
        "action_flag": 3,
        "change_message": ""
    }
},
{
    "model": "admin.logentry",
    "pk": 308,
    "fields": {
        "action_time": "2018-05-01T10:21:09.263Z",
        "user": [
            "noyon"
        ],
        "content_type": [
            "web",
            "singlevideo"
        ],
        "object_id": "23",
        "object_repr": "How to Draw a Helicopter",
        "action_flag": 1,
        "change_message": "[{\"added\": {}}]"
    }
},
{
    "model": "admin.logentry",
    "pk": 309,
    "fields": {
        "action_time": "2018-05-01T10:36:39.425Z",
        "user": [
            "noyon"
        ],
        "content_type": [
            "web",
            "singlevideo"
        ],
        "object_id": "23",
        "object_repr": "How to Draw a Helicopter",
        "action_flag": 2,
        "change_message": "[{\"changed\": {\"fields\": [\"video_link\"]}}]"
    }
},
{
    "model": "admin.logentry",
    "pk": 310,
    "fields": {
        "action_time": "2018-05-01T10:46:19.012Z",
        "user": [
            "noyon"
        ],
        "content_type": [
            "web",
            "singlevideo"
        ],
        "object_id": "24",
        "object_repr": "How to draw Water Lily",
        "action_flag": 1,
        "change_message": "[{\"added\": {}}]"
    }
},
{
    "model": "admin.logentry",
    "pk": 311,
    "fields": {
        "action_time": "2018-05-01T10:55:08.793Z",
        "user": [
            "noyon"
        ],
        "content_type": [
            "web",
            "singlevideo"
        ],
        "object_id": "24",
        "object_repr": "How to draw Water Lily",
        "action_flag": 2,
        "change_message": "[{\"changed\": {\"fields\": [\"video_link\"]}}]"
    }
},
{
    "model": "admin.logentry",
    "pk": 312,
    "fields": {
        "action_time": "2018-05-02T04:59:37.513Z",
        "user": [
            "noyon"
        ],
        "content_type": [
            "web",
            "course"
        ],
        "object_id": "9",
        "object_repr": "8. How to draw Daily Things",
        "action_flag": 2,
        "change_message": "[]"
    }
},
{
    "model": "admin.logentry",
    "pk": 313,
    "fields": {
        "action_time": "2018-05-02T04:59:58.318Z",
        "user": [
            "noyon"
        ],
        "content_type": [
            "web",
            "course"
        ],
        "object_id": "14",
        "object_repr": "9. Draw Object With Numbers",
        "action_flag": 1,
        "change_message": "[{\"added\": {}}]"
    }
},
{
    "model": "admin.logentry",
    "pk": 314,
    "fields": {
        "action_time": "2018-05-02T05:01:07.054Z",
        "user": [
            "noyon"
        ],
        "content_type": [
            "web",
            "course"
        ],
        "object_id": "15",
        "object_repr": "10.Draw Object With Letters",
        "action_flag": 1,
        "change_message": "[{\"added\": {}}]"
    }
},
{
    "model": "admin.logentry",
    "pk": 315,
    "fields": {
        "action_time": "2018-05-02T05:02:48.511Z",
        "user": [
            "noyon"
        ],
        "content_type": [
            "web",
            "course"
        ],
        "object_id": "16",
        "object_repr": "11.Draw Object With Bengali Numbers",
        "action_flag": 1,
        "change_message": "[{\"added\": {}}]"
    }
},
{
    "model": "admin.logentry",
    "pk": 316,
    "fields": {
        "action_time": "2018-05-02T05:03:44.529Z",
        "user": [
            "noyon"
        ],
        "content_type": [
            "web",
            "course"
        ],
        "object_id": "17",
        "object_repr": "12.Draw Cartoon Figure With Basic Shapes",
        "action_flag": 1,
        "change_message": "[{\"added\": {}}]"
    }
},
{
    "model": "admin.logentry",
    "pk": 317,
    "fields": {
        "action_time": "2018-05-02T05:04:39.386Z",
        "user": [
            "noyon"
        ],
        "content_type": [
            "web",
            "course"
        ],
        "object_id": "16",
        "object_repr": "11.Object With Bengali Numbers",
        "action_flag": 2,
        "change_message": "[{\"changed\": {\"fields\": [\"course_title\"]}}]"
    }
},
{
    "model": "admin.logentry",
    "pk": 318,
    "fields": {
        "action_time": "2018-05-02T05:05:00.343Z",
        "user": [
            "noyon"
        ],
        "content_type": [
            "web",
            "course"
        ],
        "object_id": "17",
        "object_repr": "12.Cartoon With Basic Shapes",
        "action_flag": 2,
        "change_message": "[{\"changed\": {\"fields\": [\"course_title\"]}}]"
    }
},
{
    "model": "admin.logentry",
    "pk": 319,
    "fields": {
        "action_time": "2018-05-02T05:05:33.938Z",
        "user": [
            "noyon"
        ],
        "content_type": [
            "web",
            "course"
        ],
        "object_id": "16",
        "object_repr": "11.Object With Bengali Number",
        "action_flag": 2,
        "change_message": "[{\"changed\": {\"fields\": [\"course_title\"]}}]"
    }
},
{
    "model": "admin.logentry",
    "pk": 320,
    "fields": {
        "action_time": "2018-05-02T05:06:58.578Z",
        "user": [
            "noyon"
        ],
        "content_type": [
            "web",
            "course"
        ],
        "object_id": "16",
        "object_repr": "11.Draw With Bengali Number",
        "action_flag": 2,
        "change_message": "[{\"changed\": {\"fields\": [\"course_title\"]}}]"
    }
},
{
    "model": "admin.logentry",
    "pk": 321,
    "fields": {
        "action_time": "2018-05-02T05:09:25.397Z",
        "user": [
            "noyon"
        ],
        "content_type": [
            "web",
            "course"
        ],
        "object_id": "2",
        "object_repr": "02. How to draw with Basic Shapes",
        "action_flag": 2,
        "change_message": "[{\"changed\": {\"fields\": [\"course_title\"]}}]"
    }
},
{
    "model": "admin.logentry",
    "pk": 322,
    "fields": {
        "action_time": "2018-05-02T05:09:41.525Z",
        "user": [
            "noyon"
        ],
        "content_type": [
            "web",
            "course"
        ],
        "object_id": "3",
        "object_repr": "01. Warm Ups",
        "action_flag": 2,
        "change_message": "[{\"changed\": {\"fields\": [\"course_title\"]}}]"
    }
},
{
    "model": "admin.logentry",
    "pk": 323,
    "fields": {
        "action_time": "2018-05-02T05:09:56.774Z",
        "user": [
            "noyon"
        ],
        "content_type": [
            "web",
            "course"
        ],
        "object_id": "1",
        "object_repr": "03. How to draw Flowers",
        "action_flag": 2,
        "change_message": "[{\"changed\": {\"fields\": [\"course_title\"]}}]"
    }
},
{
    "model": "admin.logentry",
    "pk": 324,
    "fields": {
        "action_time": "2018-05-02T05:10:04.662Z",
        "user": [
            "noyon"
        ],
        "content_type": [
            "web",
            "course"
        ],
        "object_id": "5",
        "object_repr": "04. How to draw Vegetables",
        "action_flag": 2,
        "change_message": "[{\"changed\": {\"fields\": [\"course_title\"]}}]"
    }
},
{
    "model": "admin.logentry",
    "pk": 325,
    "fields": {
        "action_time": "2018-05-02T05:10:12.070Z",
        "user": [
            "noyon"
        ],
        "content_type": [
            "web",
            "course"
        ],
        "object_id": "6",
        "object_repr": "05. How to draw Fruits",
        "action_flag": 2,
        "change_message": "[{\"changed\": {\"fields\": [\"course_title\"]}}]"
    }
},
{
    "model": "admin.logentry",
    "pk": 326,
    "fields": {
        "action_time": "2018-05-02T05:10:19.441Z",
        "user": [
            "noyon"
        ],
        "content_type": [
            "web",
            "course"
        ],
        "object_id": "7",
        "object_repr": "06. How to draw Birds",
        "action_flag": 2,
        "change_message": "[{\"changed\": {\"fields\": [\"course_title\"]}}]"
    }
},
{
    "model": "admin.logentry",
    "pk": 327,
    "fields": {
        "action_time": "2018-05-02T05:10:26.398Z",
        "user": [
            "noyon"
        ],
        "content_type": [
            "web",
            "course"
        ],
        "object_id": "8",
        "object_repr": "07. How to draw Animals",
        "action_flag": 2,
        "change_message": "[{\"changed\": {\"fields\": [\"course_title\"]}}]"
    }
},
{
    "model": "admin.logentry",
    "pk": 328,
    "fields": {
        "action_time": "2018-05-02T05:10:33.537Z",
        "user": [
            "noyon"
        ],
        "content_type": [
            "web",
            "course"
        ],
        "object_id": "9",
        "object_repr": "08. How to draw Daily Things",
        "action_flag": 2,
        "change_message": "[{\"changed\": {\"fields\": [\"course_title\"]}}]"
    }
},
{
    "model": "admin.logentry",
    "pk": 329,
    "fields": {
        "action_time": "2018-05-02T05:10:41.045Z",
        "user": [
            "noyon"
        ],
        "content_type": [
            "web",
            "course"
        ],
        "object_id": "14",
        "object_repr": "09. Draw Object With Numbers",
        "action_flag": 2,
        "change_message": "[{\"changed\": {\"fields\": [\"course_title\"]}}]"
    }
},
{
    "model": "admin.logentry",
    "pk": 330,
    "fields": {
        "action_time": "2018-05-02T05:30:58.532Z",
        "user": [
            "noyon"
        ],
        "content_type": [
            "web",
            "course"
        ],
        "object_id": "14",
        "object_repr": "09. Draw Object With Numbers",
        "action_flag": 2,
        "change_message": "[{\"changed\": {\"fields\": [\"course_level\"]}}]"
    }
},
{
    "model": "admin.logentry",
    "pk": 331,
    "fields": {
        "action_time": "2018-05-02T05:31:06.882Z",
        "user": [
            "noyon"
        ],
        "content_type": [
            "web",
            "course"
        ],
        "object_id": "15",
        "object_repr": "10.Draw Object With Letters",
        "action_flag": 2,
        "change_message": "[{\"changed\": {\"fields\": [\"course_level\"]}}]"
    }
},
{
    "model": "admin.logentry",
    "pk": 332,
    "fields": {
        "action_time": "2018-05-02T05:31:15.370Z",
        "user": [
            "noyon"
        ],
        "content_type": [
            "web",
            "course"
        ],
        "object_id": "16",
        "object_repr": "11.Draw With Bengali Number",
        "action_flag": 2,
        "change_message": "[{\"changed\": {\"fields\": [\"course_level\"]}}]"
    }
},
{
    "model": "admin.logentry",
    "pk": 333,
    "fields": {
        "action_time": "2018-05-02T05:31:24.749Z",
        "user": [
            "noyon"
        ],
        "content_type": [
            "web",
            "course"
        ],
        "object_id": "17",
        "object_repr": "12.Cartoon With Basic Shapes",
        "action_flag": 2,
        "change_message": "[{\"changed\": {\"fields\": [\"course_level\"]}}]"
    }
},
{
    "model": "admin.logentry",
    "pk": 334,
    "fields": {
        "action_time": "2018-05-02T05:33:06.482Z",
        "user": [
            "noyon"
        ],
        "content_type": [
            "web",
            "course"
        ],
        "object_id": "15",
        "object_repr": "10.Draw Object With Letters",
        "action_flag": 3,
        "change_message": ""
    }
},
{
    "model": "admin.logentry",
    "pk": 335,
    "fields": {
        "action_time": "2018-05-02T05:33:14.694Z",
        "user": [
            "noyon"
        ],
        "content_type": [
            "web",
            "course"
        ],
        "object_id": "17",
        "object_repr": "12.Cartoon With Basic Shapes",
        "action_flag": 3,
        "change_message": ""
    }
},
{
    "model": "admin.logentry",
    "pk": 336,
    "fields": {
        "action_time": "2018-05-02T05:33:14.716Z",
        "user": [
            "noyon"
        ],
        "content_type": [
            "web",
            "course"
        ],
        "object_id": "16",
        "object_repr": "11.Draw With Bengali Number",
        "action_flag": 3,
        "change_message": ""
    }
},
{
    "model": "admin.logentry",
    "pk": 337,
    "fields": {
        "action_time": "2018-05-02T05:35:32.542Z",
        "user": [
            "noyon"
        ],
        "content_type": [
            "web",
            "course"
        ],
        "object_id": "14",
        "object_repr": "09. Draw Object With Numbers",
        "action_flag": 2,
        "change_message": "[{\"changed\": {\"fields\": [\"description\"]}}]"
    }
},
{
    "model": "admin.logentry",
    "pk": 338,
    "fields": {
        "action_time": "2018-05-02T05:36:44.114Z",
        "user": [
            "noyon"
        ],
        "content_type": [
            "web",
            "course"
        ],
        "object_id": "2",
        "object_repr": "02. Draw with Basic Shapes",
        "action_flag": 2,
        "change_message": "[{\"changed\": {\"fields\": [\"course_title\"]}}]"
    }
},
{
    "model": "admin.logentry",
    "pk": 339,
    "fields": {
        "action_time": "2018-05-02T05:36:57.167Z",
        "user": [
            "noyon"
        ],
        "content_type": [
            "web",
            "course"
        ],
        "object_id": "5",
        "object_repr": "04. Draw Vegetables",
        "action_flag": 2,
        "change_message": "[{\"changed\": {\"fields\": [\"course_title\"]}}]"
    }
},
{
    "model": "admin.logentry",
    "pk": 340,
    "fields": {
        "action_time": "2018-05-02T05:37:11.201Z",
        "user": [
            "noyon"
        ],
        "content_type": [
            "web",
            "course"
        ],
        "object_id": "9",
        "object_repr": "08. Draw Daily Things",
        "action_flag": 2,
        "change_message": "[{\"changed\": {\"fields\": [\"course_title\"]}}]"
    }
},
{
    "model": "admin.logentry",
    "pk": 341,
    "fields": {
        "action_time": "2018-05-02T05:37:25.707Z",
        "user": [
            "noyon"
        ],
        "content_type": [
            "web",
            "course"
        ],
        "object_id": "14",
        "object_repr": "09. Object With Numbers",
        "action_flag": 2,
        "change_message": "[{\"changed\": {\"fields\": [\"course_title\"]}}]"
    }
},
{
    "model": "admin.logentry",
    "pk": 342,
    "fields": {
        "action_time": "2018-05-02T05:39:25.650Z",
        "user": [
            "noyon"
        ],
        "content_type": [
            "web",
            "course"
        ],
        "object_id": "14",
        "object_repr": "09. Object Numbers",
        "action_flag": 2,
        "change_message": "[{\"changed\": {\"fields\": [\"course_title\"]}}]"
    }
},
{
    "model": "admin.logentry",
    "pk": 343,
    "fields": {
        "action_time": "2018-05-02T05:39:37.816Z",
        "user": [
            "noyon"
        ],
        "content_type": [
            "web",
            "course"
        ],
        "object_id": "2",
        "object_repr": "02. Draw Basic Shapes",
        "action_flag": 2,
        "change_message": "[{\"changed\": {\"fields\": [\"course_title\"]}}]"
    }
},
{
    "model": "admin.logentry",
    "pk": 344,
    "fields": {
        "action_time": "2018-05-02T05:40:17.801Z",
        "user": [
            "noyon"
        ],
        "content_type": [
            "web",
            "course"
        ],
        "object_id": "3",
        "object_repr": "1. Warm Ups",
        "action_flag": 2,
        "change_message": "[{\"changed\": {\"fields\": [\"course_title\"]}}]"
    }
},
{
    "model": "admin.logentry",
    "pk": 345,
    "fields": {
        "action_time": "2018-05-02T05:40:24.943Z",
        "user": [
            "noyon"
        ],
        "content_type": [
            "web",
            "course"
        ],
        "object_id": "2",
        "object_repr": "2. Draw Basic Shapes",
        "action_flag": 2,
        "change_message": "[{\"changed\": {\"fields\": [\"course_title\"]}}]"
    }
},
{
    "model": "admin.logentry",
    "pk": 346,
    "fields": {
        "action_time": "2018-05-02T05:40:32.521Z",
        "user": [
            "noyon"
        ],
        "content_type": [
            "web",
            "course"
        ],
        "object_id": "1",
        "object_repr": "3. How to draw Flowers",
        "action_flag": 2,
        "change_message": "[{\"changed\": {\"fields\": [\"course_title\"]}}]"
    }
},
{
    "model": "admin.logentry",
    "pk": 347,
    "fields": {
        "action_time": "2018-05-02T05:40:41.433Z",
        "user": [
            "noyon"
        ],
        "content_type": [
            "web",
            "course"
        ],
        "object_id": "5",
        "object_repr": "4. Draw Vegetables",
        "action_flag": 2,
        "change_message": "[{\"changed\": {\"fields\": [\"course_title\"]}}]"
    }
},
{
    "model": "admin.logentry",
    "pk": 348,
    "fields": {
        "action_time": "2018-05-02T05:40:48.359Z",
        "user": [
            "noyon"
        ],
        "content_type": [
            "web",
            "course"
        ],
        "object_id": "6",
        "object_repr": "5. How to draw Fruits",
        "action_flag": 2,
        "change_message": "[{\"changed\": {\"fields\": [\"course_title\"]}}]"
    }
},
{
    "model": "admin.logentry",
    "pk": 349,
    "fields": {
        "action_time": "2018-05-02T05:40:55.329Z",
        "user": [
            "noyon"
        ],
        "content_type": [
            "web",
            "course"
        ],
        "object_id": "7",
        "object_repr": "6. How to draw Birds",
        "action_flag": 2,
        "change_message": "[{\"changed\": {\"fields\": [\"course_title\"]}}]"
    }
},
{
    "model": "admin.logentry",
    "pk": 350,
    "fields": {
        "action_time": "2018-05-02T05:41:02.397Z",
        "user": [
            "noyon"
        ],
        "content_type": [
            "web",
            "course"
        ],
        "object_id": "8",
        "object_repr": "7. How to draw Animals",
        "action_flag": 2,
        "change_message": "[{\"changed\": {\"fields\": [\"course_title\"]}}]"
    }
},
{
    "model": "admin.logentry",
    "pk": 351,
    "fields": {
        "action_time": "2018-05-02T05:41:08.778Z",
        "user": [
            "noyon"
        ],
        "content_type": [
            "web",
            "course"
        ],
        "object_id": "9",
        "object_repr": "8. Draw Daily Things",
        "action_flag": 2,
        "change_message": "[{\"changed\": {\"fields\": [\"course_title\"]}}]"
    }
},
{
    "model": "admin.logentry",
    "pk": 352,
    "fields": {
        "action_time": "2018-05-02T05:41:15.570Z",
        "user": [
            "noyon"
        ],
        "content_type": [
            "web",
            "course"
        ],
        "object_id": "14",
        "object_repr": "9. Object Numbers",
        "action_flag": 2,
        "change_message": "[{\"changed\": {\"fields\": [\"course_title\"]}}]"
    }
},
{
    "model": "admin.logentry",
    "pk": 353,
    "fields": {
        "action_time": "2018-05-02T05:42:02.102Z",
        "user": [
            "noyon"
        ],
        "content_type": [
            "web",
            "course"
        ],
        "object_id": "8",
        "object_repr": "7. How to draw Animals",
        "action_flag": 3,
        "change_message": ""
    }
},
{
    "model": "admin.logentry",
    "pk": 354,
    "fields": {
        "action_time": "2018-05-02T05:44:20.953Z",
        "user": [
            "noyon"
        ],
        "content_type": [
            "web",
            "course"
        ],
        "object_id": "18",
        "object_repr": "7. How to draw Animals",
        "action_flag": 1,
        "change_message": "[{\"added\": {}}]"
    }
},
{
    "model": "admin.logentry",
    "pk": 355,
    "fields": {
        "action_time": "2018-05-02T06:25:40.861Z",
        "user": [
            "noyon"
        ],
        "content_type": [
            "web",
            "course"
        ],
        "object_id": "18",
        "object_repr": "7. How to draw Animals",
        "action_flag": 2,
        "change_message": "[{\"changed\": {\"fields\": [\"description\"]}}]"
    }
},
{
    "model": "admin.logentry",
    "pk": 356,
    "fields": {
        "action_time": "2018-05-02T06:26:00.635Z",
        "user": [
            "noyon"
        ],
        "content_type": [
            "web",
            "course"
        ],
        "object_id": "14",
        "object_repr": "9. Object Numbers",
        "action_flag": 3,
        "change_message": ""
    }
},
{
    "model": "admin.logentry",
    "pk": 357,
    "fields": {
        "action_time": "2018-05-02T06:29:23.272Z",
        "user": [
            "noyon"
        ],
        "content_type": [
            "web",
            "course"
        ],
        "object_id": "18",
        "object_repr": "7. How to draw Animals",
        "action_flag": 3,
        "change_message": ""
    }
},
{
    "model": "admin.logentry",
    "pk": 358,
    "fields": {
        "action_time": "2018-05-02T06:35:35.186Z",
        "user": [
            "noyon"
        ],
        "content_type": [
            "web",
            "course"
        ],
        "object_id": "19",
        "object_repr": "7. How to draw Animals",
        "action_flag": 1,
        "change_message": "[{\"added\": {}}]"
    }
},
{
    "model": "admin.logentry",
    "pk": 359,
    "fields": {
        "action_time": "2018-05-02T06:36:02.441Z",
        "user": [
            "noyon"
        ],
        "content_type": [
            "web",
            "course"
        ],
        "object_id": "20",
        "object_repr": "9. Draw Object With Numbers",
        "action_flag": 1,
        "change_message": "[{\"added\": {}}]"
    }
},
{
    "model": "admin.logentry",
    "pk": 360,
    "fields": {
        "action_time": "2018-05-02T06:36:30.406Z",
        "user": [
            "noyon"
        ],
        "content_type": [
            "web",
            "course"
        ],
        "object_id": "21",
        "object_repr": "10.Draw Object With Letters",
        "action_flag": 1,
        "change_message": "[{\"added\": {}}]"
    }
},
{
    "model": "admin.logentry",
    "pk": 361,
    "fields": {
        "action_time": "2018-05-02T06:37:01.654Z",
        "user": [
            "noyon"
        ],
        "content_type": [
            "web",
            "course"
        ],
        "object_id": "22",
        "object_repr": "11.Object With Bengali Numbers",
        "action_flag": 1,
        "change_message": "[{\"added\": {}}]"
    }
},
{
    "model": "admin.logentry",
    "pk": 362,
    "fields": {
        "action_time": "2018-05-02T06:37:48.625Z",
        "user": [
            "noyon"
        ],
        "content_type": [
            "web",
            "course"
        ],
        "object_id": "23",
        "object_repr": "12.Cartoon With Basic Shapes",
        "action_flag": 1,
        "change_message": "[{\"added\": {}}]"
    }
},
{
    "model": "admin.logentry",
    "pk": 363,
    "fields": {
        "action_time": "2018-05-02T06:38:15.311Z",
        "user": [
            "noyon"
        ],
        "content_type": [
            "web",
            "course"
        ],
        "object_id": "22",
        "object_repr": "11.Object -Bengali Numbers",
        "action_flag": 2,
        "change_message": "[{\"changed\": {\"fields\": [\"course_title\"]}}]"
    }
},
{
    "model": "admin.logentry",
    "pk": 364,
    "fields": {
        "action_time": "2018-05-02T06:39:07.810Z",
        "user": [
            "noyon"
        ],
        "content_type": [
            "web",
            "course"
        ],
        "object_id": "3",
        "object_repr": "01. Warm Ups",
        "action_flag": 2,
        "change_message": "[{\"changed\": {\"fields\": [\"course_title\"]}}]"
    }
},
{
    "model": "admin.logentry",
    "pk": 365,
    "fields": {
        "action_time": "2018-05-02T06:39:14.746Z",
        "user": [
            "noyon"
        ],
        "content_type": [
            "web",
            "course"
        ],
        "object_id": "2",
        "object_repr": "02. Draw Basic Shapes",
        "action_flag": 2,
        "change_message": "[{\"changed\": {\"fields\": [\"course_title\"]}}]"
    }
},
{
    "model": "admin.logentry",
    "pk": 366,
    "fields": {
        "action_time": "2018-05-02T06:39:24.774Z",
        "user": [
            "noyon"
        ],
        "content_type": [
            "web",
            "course"
        ],
        "object_id": "1",
        "object_repr": "03. How to draw Flowers",
        "action_flag": 2,
        "change_message": "[{\"changed\": {\"fields\": [\"course_title\"]}}]"
    }
},
{
    "model": "admin.logentry",
    "pk": 367,
    "fields": {
        "action_time": "2018-05-02T06:39:32.077Z",
        "user": [
            "noyon"
        ],
        "content_type": [
            "web",
            "course"
        ],
        "object_id": "5",
        "object_repr": "04. Draw Vegetables",
        "action_flag": 2,
        "change_message": "[{\"changed\": {\"fields\": [\"course_title\"]}}]"
    }
},
{
    "model": "admin.logentry",
    "pk": 368,
    "fields": {
        "action_time": "2018-05-02T06:39:40.277Z",
        "user": [
            "noyon"
        ],
        "content_type": [
            "web",
            "course"
        ],
        "object_id": "6",
        "object_repr": "05. How to draw Fruits",
        "action_flag": 2,
        "change_message": "[{\"changed\": {\"fields\": [\"course_title\"]}}]"
    }
},
{
    "model": "admin.logentry",
    "pk": 369,
    "fields": {
        "action_time": "2018-05-02T06:39:49.074Z",
        "user": [
            "noyon"
        ],
        "content_type": [
            "web",
            "course"
        ],
        "object_id": "7",
        "object_repr": "06. How to draw Birds",
        "action_flag": 2,
        "change_message": "[{\"changed\": {\"fields\": [\"course_title\"]}}]"
    }
},
{
    "model": "admin.logentry",
    "pk": 370,
    "fields": {
        "action_time": "2018-05-02T06:39:56.622Z",
        "user": [
            "noyon"
        ],
        "content_type": [
            "web",
            "course"
        ],
        "object_id": "19",
        "object_repr": "07. How to draw Animals",
        "action_flag": 2,
        "change_message": "[{\"changed\": {\"fields\": [\"course_title\"]}}]"
    }
},
{
    "model": "admin.logentry",
    "pk": 371,
    "fields": {
        "action_time": "2018-05-02T06:40:04.260Z",
        "user": [
            "noyon"
        ],
        "content_type": [
            "web",
            "course"
        ],
        "object_id": "9",
        "object_repr": "08. Draw Daily Things",
        "action_flag": 2,
        "change_message": "[{\"changed\": {\"fields\": [\"course_title\"]}}]"
    }
},
{
    "model": "admin.logentry",
    "pk": 372,
    "fields": {
        "action_time": "2018-05-02T06:40:13.355Z",
        "user": [
            "noyon"
        ],
        "content_type": [
            "web",
            "course"
        ],
        "object_id": "20",
        "object_repr": "09. Draw Object With Numbers",
        "action_flag": 2,
        "change_message": "[{\"changed\": {\"fields\": [\"course_title\"]}}]"
    }
},
{
    "model": "admin.logentry",
    "pk": 373,
    "fields": {
        "action_time": "2018-05-02T06:40:45.282Z",
        "user": [
            "noyon"
        ],
        "content_type": [
            "web",
            "course"
        ],
        "object_id": "2",
        "object_repr": "02. Draw With Basic Shapes",
        "action_flag": 2,
        "change_message": "[{\"changed\": {\"fields\": [\"course_title\"]}}]"
    }
},
{
    "model": "admin.logentry",
    "pk": 374,
    "fields": {
        "action_time": "2018-05-02T06:41:54.318Z",
        "user": [
            "noyon"
        ],
        "content_type": [
            "web",
            "course"
        ],
        "object_id": "22",
        "object_repr": "11.Draw With Bengali Numbers",
        "action_flag": 2,
        "change_message": "[{\"changed\": {\"fields\": [\"course_title\"]}}]"
    }
},
{
    "model": "admin.logentry",
    "pk": 375,
    "fields": {
        "action_time": "2018-05-02T06:42:44.008Z",
        "user": [
            "noyon"
        ],
        "content_type": [
            "web",
            "course"
        ],
        "object_id": "22",
        "object_repr": "11.Object with Bengali Number",
        "action_flag": 2,
        "change_message": "[{\"changed\": {\"fields\": [\"course_title\"]}}]"
    }
},
{
    "model": "admin.logentry",
    "pk": 376,
    "fields": {
        "action_time": "2018-05-02T06:53:18.756Z",
        "user": [
            "noyon"
        ],
        "content_type": [
            "web",
            "course"
        ],
        "object_id": "24",
        "object_repr": "13.Draw Nature With Basic Shapes",
        "action_flag": 1,
        "change_message": "[{\"added\": {}}]"
    }
},
{
    "model": "admin.logentry",
    "pk": 377,
    "fields": {
        "action_time": "2018-05-02T07:06:55.655Z",
        "user": [
            "noyon"
        ],
        "content_type": [
            "web",
            "course"
        ],
        "object_id": "24",
        "object_repr": "13.Draw Nature With Basic",
        "action_flag": 2,
        "change_message": "[{\"changed\": {\"fields\": [\"course_title\"]}}]"
    }
},
{
    "model": "admin.logentry",
    "pk": 378,
    "fields": {
        "action_time": "2018-05-02T07:16:11.485Z",
        "user": [
            "noyon"
        ],
        "content_type": [
            "web",
            "singlevideo"
        ],
        "object_id": "24",
        "object_repr": "How to draw Water Lily",
        "action_flag": 2,
        "change_message": "[]"
    }
},
{
    "model": "admin.logentry",
    "pk": 379,
    "fields": {
        "action_time": "2018-05-02T07:16:48.766Z",
        "user": [
            "noyon"
        ],
        "content_type": [
            "web",
            "singlevideo"
        ],
        "object_id": "24",
        "object_repr": "How to draw Water Lily",
        "action_flag": 2,
        "change_message": "[]"
    }
},
{
    "model": "admin.logentry",
    "pk": 380,
    "fields": {
        "action_time": "2018-05-02T07:17:23.404Z",
        "user": [
            "noyon"
        ],
        "content_type": [
            "web",
            "singlevideo"
        ],
        "object_id": "25",
        "object_repr": "Draw Parrot using Bengali Number 7",
        "action_flag": 1,
        "change_message": "[{\"added\": {}}]"
    }
},
{
    "model": "admin.logentry",
    "pk": 381,
    "fields": {
        "action_time": "2018-05-02T07:33:45.000Z",
        "user": [
            "noyon"
        ],
        "content_type": [
            "web",
            "singlevideo"
        ],
        "object_id": "26",
        "object_repr": "Draw Garlic with Bengali Number 9",
        "action_flag": 1,
        "change_message": "[{\"added\": {}}]"
    }
},
{
    "model": "admin.logentry",
    "pk": 382,
    "fields": {
        "action_time": "2018-05-02T07:35:33.746Z",
        "user": [
            "noyon"
        ],
        "content_type": [
            "web",
            "singlevideo"
        ],
        "object_id": "8",
        "object_repr": "How To Draw Doraemon",
        "action_flag": 2,
        "change_message": "[{\"changed\": {\"fields\": [\"course_name\"]}}]"
    }
},
{
    "model": "admin.logentry",
    "pk": 383,
    "fields": {
        "action_time": "2018-05-02T07:35:55.003Z",
        "user": [
            "noyon"
        ],
        "content_type": [
            "web",
            "singlevideo"
        ],
        "object_id": "9",
        "object_repr": "How to draw a cartoon character",
        "action_flag": 2,
        "change_message": "[{\"changed\": {\"fields\": [\"course_name\"]}}]"
    }
},
{
    "model": "admin.logentry",
    "pk": 384,
    "fields": {
        "action_time": "2018-05-02T07:50:10.925Z",
        "user": [
            "noyon"
        ],
        "content_type": [
            "web",
            "singlevideo"
        ],
        "object_id": "26",
        "object_repr": "Draw Garlic with Bengali Number 9",
        "action_flag": 2,
        "change_message": "[]"
    }
},
{
    "model": "admin.logentry",
    "pk": 385,
    "fields": {
        "action_time": "2018-05-02T07:50:57.480Z",
        "user": [
            "noyon"
        ],
        "content_type": [
            "web",
            "singlevideo"
        ],
        "object_id": "27",
        "object_repr": "How To Draw a Kite with Letter X",
        "action_flag": 1,
        "change_message": "[{\"added\": {}}]"
    }
},
{
    "model": "admin.logentry",
    "pk": 386,
    "fields": {
        "action_time": "2018-05-02T08:25:31.695Z",
        "user": [
            "noyon"
        ],
        "content_type": [
            "web",
            "singlevideo"
        ],
        "object_id": "28",
        "object_repr": "How To Draw Horse",
        "action_flag": 1,
        "change_message": "[{\"added\": {}}]"
    }
},
{
    "model": "admin.logentry",
    "pk": 387,
    "fields": {
        "action_time": "2018-05-02T08:58:48.415Z",
        "user": [
            "noyon"
        ],
        "content_type": [
            "web",
            "singlevideo"
        ],
        "object_id": "27",
        "object_repr": "How To Draw a Kite with Letter X",
        "action_flag": 2,
        "change_message": "[]"
    }
},
{
    "model": "admin.logentry",
    "pk": 388,
    "fields": {
        "action_time": "2018-05-02T08:59:49.032Z",
        "user": [
            "noyon"
        ],
        "content_type": [
            "web",
            "singlevideo"
        ],
        "object_id": "29",
        "object_repr": "How To Draw Object with Letter W",
        "action_flag": 1,
        "change_message": "[{\"added\": {}}]"
    }
},
{
    "model": "admin.logentry",
    "pk": 389,
    "fields": {
        "action_time": "2018-05-02T09:26:46.618Z",
        "user": [
            "noyon"
        ],
        "content_type": [
            "web",
            "singlevideo"
        ],
        "object_id": "29",
        "object_repr": "How To Draw Object with Letter W",
        "action_flag": 2,
        "change_message": "[]"
    }
},
{
    "model": "admin.logentry",
    "pk": 390,
    "fields": {
        "action_time": "2018-05-02T09:27:57.395Z",
        "user": [
            "noyon"
        ],
        "content_type": [
            "web",
            "singlevideo"
        ],
        "object_id": "30",
        "object_repr": "How To Draw Banana with Letter U",
        "action_flag": 1,
        "change_message": "[{\"added\": {}}]"
    }
},
{
    "model": "admin.logentry",
    "pk": 391,
    "fields": {
        "action_time": "2018-05-03T04:03:08.384Z",
        "user": [
            "noyon"
        ],
        "content_type": [
            "web",
            "course"
        ],
        "object_id": "19",
        "object_repr": "07. How to draw Animals",
        "action_flag": 2,
        "change_message": "[{\"changed\": {\"fields\": [\"thumbnail_image\"]}}]"
    }
},
{
    "model": "admin.logentry",
    "pk": 392,
    "fields": {
        "action_time": "2018-05-03T04:04:21.097Z",
        "user": [
            "noyon"
        ],
        "content_type": [
            "web",
            "course"
        ],
        "object_id": "24",
        "object_repr": "13.Draw Nature With Basic",
        "action_flag": 2,
        "change_message": "[{\"changed\": {\"fields\": [\"thumbnail_image\"]}}]"
    }
},
{
    "model": "admin.logentry",
    "pk": 393,
    "fields": {
        "action_time": "2018-05-03T04:05:01.073Z",
        "user": [
            "noyon"
        ],
        "content_type": [
            "web",
            "course"
        ],
        "object_id": "23",
        "object_repr": "12.Cartoon With Basic Shapes",
        "action_flag": 2,
        "change_message": "[{\"changed\": {\"fields\": [\"thumbnail_image\"]}}]"
    }
},
{
    "model": "admin.logentry",
    "pk": 394,
    "fields": {
        "action_time": "2018-05-03T04:05:52.375Z",
        "user": [
            "noyon"
        ],
        "content_type": [
            "web",
            "course"
        ],
        "object_id": "20",
        "object_repr": "09. Draw Object With Numbers",
        "action_flag": 2,
        "change_message": "[{\"changed\": {\"fields\": [\"thumbnail_image\"]}}]"
    }
},
{
    "model": "admin.logentry",
    "pk": 395,
    "fields": {
        "action_time": "2018-05-03T04:06:31.090Z",
        "user": [
            "noyon"
        ],
        "content_type": [
            "web",
            "course"
        ],
        "object_id": "21",
        "object_repr": "10.Draw Object With Letters",
        "action_flag": 2,
        "change_message": "[{\"changed\": {\"fields\": [\"thumbnail_image\"]}}]"
    }
},
{
    "model": "admin.logentry",
    "pk": 396,
    "fields": {
        "action_time": "2018-05-03T04:08:04.692Z",
        "user": [
            "noyon"
        ],
        "content_type": [
            "web",
            "course"
        ],
        "object_id": "22",
        "object_repr": "11.Object with Bengali Number",
        "action_flag": 2,
        "change_message": "[{\"changed\": {\"fields\": [\"thumbnail_image\"]}}]"
    }
},
{
    "model": "admin.logentry",
    "pk": 397,
    "fields": {
        "action_time": "2018-05-03T04:11:48.960Z",
        "user": [
            "noyon"
        ],
        "content_type": [
            "web",
            "course"
        ],
        "object_id": "25",
        "object_repr": "Basic Human Figures",
        "action_flag": 1,
        "change_message": "[{\"added\": {}}]"
    }
},
{
    "model": "admin.logentry",
    "pk": 398,
    "fields": {
        "action_time": "2018-05-03T04:12:24.868Z",
        "user": [
            "noyon"
        ],
        "content_type": [
            "web",
            "course"
        ],
        "object_id": "25",
        "object_repr": "14.Basic Human Figures",
        "action_flag": 2,
        "change_message": "[{\"changed\": {\"fields\": [\"course_title\"]}}]"
    }
},
{
    "model": "admin.logentry",
    "pk": 399,
    "fields": {
        "action_time": "2018-05-03T04:16:33.248Z",
        "user": [
            "noyon"
        ],
        "content_type": [
            "web",
            "singlevideo"
        ],
        "object_id": "30",
        "object_repr": "How To Draw Banana with Letter U",
        "action_flag": 2,
        "change_message": "[]"
    }
},
{
    "model": "admin.logentry",
    "pk": 400,
    "fields": {
        "action_time": "2018-05-03T04:17:16.453Z",
        "user": [
            "noyon"
        ],
        "content_type": [
            "web",
            "singlevideo"
        ],
        "object_id": "31",
        "object_repr": "How To Draw a Human Face 01",
        "action_flag": 1,
        "change_message": "[{\"added\": {}}]"
    }
},
{
    "model": "admin.logentry",
    "pk": 401,
    "fields": {
        "action_time": "2018-05-03T04:17:59.438Z",
        "user": [
            "noyon"
        ],
        "content_type": [
            "web",
            "singlevideo"
        ],
        "object_id": "32",
        "object_repr": "How to Draw a Human Face 02",
        "action_flag": 1,
        "change_message": "[{\"added\": {}}]"
    }
},
{
    "model": "admin.logentry",
    "pk": 402,
    "fields": {
        "action_time": "2018-05-05T08:35:04.474Z",
        "user": [
            "noyon"
        ],
        "content_type": [
            "web",
            "singlevideo"
        ],
        "object_id": "32",
        "object_repr": "How to Draw a Human Face 02",
        "action_flag": 2,
        "change_message": "[]"
    }
},
{
    "model": "admin.logentry",
    "pk": 403,
    "fields": {
        "action_time": "2018-05-05T08:35:47.079Z",
        "user": [
            "noyon"
        ],
        "content_type": [
            "web",
            "singlevideo"
        ],
        "object_id": "33",
        "object_repr": "How to Draw Flower Pot",
        "action_flag": 1,
        "change_message": "[{\"added\": {}}]"
    }
},
{
    "model": "admin.logentry",
    "pk": 404,
    "fields": {
        "action_time": "2018-05-05T08:36:48.839Z",
        "user": [
            "noyon"
        ],
        "content_type": [
            "web",
            "singlevideo"
        ],
        "object_id": "33",
        "object_repr": "How to Draw Flower Pot",
        "action_flag": 2,
        "change_message": "[{\"changed\": {\"fields\": [\"video_link\"]}}]"
    }
},
{
    "model": "admin.logentry",
    "pk": 405,
    "fields": {
        "action_time": "2018-05-05T08:37:18.026Z",
        "user": [
            "noyon"
        ],
        "content_type": [
            "web",
            "singlevideo"
        ],
        "object_id": "32",
        "object_repr": "How to Draw a Human Face 02",
        "action_flag": 2,
        "change_message": "[]"
    }
},
{
    "model": "admin.logentry",
    "pk": 406,
    "fields": {
        "action_time": "2018-05-05T08:38:38.581Z",
        "user": [
            "noyon"
        ],
        "content_type": [
            "web",
            "singlevideo"
        ],
        "object_id": "34",
        "object_repr": "How to Draw Cup",
        "action_flag": 1,
        "change_message": "[{\"added\": {}}]"
    }
},
{
    "model": "admin.logentry",
    "pk": 407,
    "fields": {
        "action_time": "2018-05-05T08:40:01.427Z",
        "user": [
            "noyon"
        ],
        "content_type": [
            "web",
            "singlevideo"
        ],
        "object_id": "35",
        "object_repr": "How to Draw Hilsa Fish",
        "action_flag": 1,
        "change_message": "[{\"added\": {}}]"
    }
},
{
    "model": "admin.logentry",
    "pk": 408,
    "fields": {
        "action_time": "2018-05-05T08:46:55.138Z",
        "user": [
            "noyon"
        ],
        "content_type": [
            "web",
            "singlevideo"
        ],
        "object_id": "36",
        "object_repr": "How to Draw Turnip",
        "action_flag": 1,
        "change_message": "[{\"added\": {}}]"
    }
},
{
    "model": "admin.logentry",
    "pk": 409,
    "fields": {
        "action_time": "2018-05-05T08:50:42.771Z",
        "user": [
            "noyon"
        ],
        "content_type": [
            "web",
            "singlevideo"
        ],
        "object_id": "37",
        "object_repr": "How To Draw a Bus",
        "action_flag": 1,
        "change_message": "[{\"added\": {}}]"
    }
},
{
    "model": "admin.logentry",
    "pk": 410,
    "fields": {
        "action_time": "2018-05-05T08:51:54.720Z",
        "user": [
            "noyon"
        ],
        "content_type": [
            "web",
            "singlevideo"
        ],
        "object_id": "38",
        "object_repr": "How To Draw a Table",
        "action_flag": 1,
        "change_message": "[{\"added\": {}}]"
    }
},
{
    "model": "admin.logentry",
    "pk": 411,
    "fields": {
        "action_time": "2018-05-05T08:53:08.326Z",
        "user": [
            "noyon"
        ],
        "content_type": [
            "web",
            "singlevideo"
        ],
        "object_id": "39",
        "object_repr": "How To Draw a Chair",
        "action_flag": 1,
        "change_message": "[{\"added\": {}}]"
    }
},
{
    "model": "admin.logentry",
    "pk": 412,
    "fields": {
        "action_time": "2018-05-05T11:27:23.280Z",
        "user": [
            "noyon"
        ],
        "content_type": [
            "web",
            "singlevideo"
        ],
        "object_id": "39",
        "object_repr": "How To Draw a Chair",
        "action_flag": 2,
        "change_message": "[]"
    }
},
{
    "model": "admin.logentry",
    "pk": 413,
    "fields": {
        "action_time": "2018-05-05T11:28:14.786Z",
        "user": [
            "noyon"
        ],
        "content_type": [
            "web",
            "singlevideo"
        ],
        "object_id": "40",
        "object_repr": "How To Draw Pen Holder",
        "action_flag": 1,
        "change_message": "[{\"added\": {}}]"
    }
},
{
    "model": "admin.logentry",
    "pk": 414,
    "fields": {
        "action_time": "2018-05-05T11:29:36.423Z",
        "user": [
            "noyon"
        ],
        "content_type": [
            "web",
            "singlevideo"
        ],
        "object_id": "41",
        "object_repr": "How To Draw a book",
        "action_flag": 1,
        "change_message": "[{\"added\": {}}]"
    }
},
{
    "model": "admin.logentry",
    "pk": 415,
    "fields": {
        "action_time": "2018-05-05T11:31:22.020Z",
        "user": [
            "noyon"
        ],
        "content_type": [
            "web",
            "singlevideo"
        ],
        "object_id": "42",
        "object_repr": "Draw winter season in Bangladesh",
        "action_flag": 1,
        "change_message": "[{\"added\": {}}]"
    }
},
{
    "model": "web.takencourse",
    "pk": 17,
    "fields": {
        "user": [
            "noyon"
        ],
        "taken_course_title": "01. Warm Ups",
        "taken_course_url": "warm-ups",
        "taken_course_image": "Courses/11.jpg",
        "taken_course_category": "Drawing",
        "taken_category_url": "drawing",
        "view": null,
        "taken_time": "2018-05-05T17:54:01.619Z",
        "last_visited": "2018-05-05T17:54:01.618Z"
    }
},
{
    "model": "web.takencourse",
    "pk": 20,
    "fields": {
        "user": [
            "mh56"
        ],
        "taken_course_title": "05. How to draw Fruits",
        "taken_course_url": "how-to-draw-fruits",
        "taken_course_image": "Courses/02.jpg",
        "taken_course_category": "Drawing",
        "taken_category_url": "drawing",
        "view": null,
        "taken_time": "2018-05-05T19:00:27.922Z",
        "last_visited": "2018-05-05T19:00:27.922Z"
    }
}
]
